id,rank,name,position,school,pts,reb,ast,imputed,potential,risk,notes,avatar_url,source_url
aj-dybantsa,1,AJ Dybantsa,F,BYU Cougars,25.50,6.80,3.70,0,1.28,High Ceiling,· 由 ESPN Big Board + 球员页解析,https://a.espncdn.com/combiner/i?img=/i/headshots/mens-college-basketball/players/full/5142718.png,https://www.espn.com/mens-college-basketball/player/_/id/5142718/aj-dybantsa
darryn-peterson,2,Darryn Peterson,G,Kansas Jayhawks,20.20,4.20,1.60,0,1.28,High Ceiling,· 由 ESPN Big Board + 球员页解析,https://a.espncdn.com/combiner/i?img=/i/headshots/mens-college-basketball/players/full/5041955.png,https://www.espn.com/mens-college-basketball/player/_/id/5041955/darryn-peterson
cameron-boozer,3,Cameron Boozer,F,Duke Blue Devils,22.50,10.20,4.10,0,1.28,High Ceiling,· 由 ESPN Big Board + 球员页解析,https://a.espncdn.com/combiner/i?img=/i/headshots/mens-college-basketball/players/full/5041935.png,https://www.espn.com/mens-college-basketball/player/_/id/5041935/cameron-boozer
caleb-wilson,4,Caleb Wilson,F,North Carolina Tar Heels,19.80,9.40,2.70,0,1.27,High Ceiling,· 由 ESPN Big Board + 球员页解析,https://a.espncdn.com/combiner/i?img=/i/headshots/mens-college-basketball/players/full/5095151.png,https://www.espn.com/mens-college-basketball/player/_/id/5095151/caleb-wilson
keaton-wagler,5,Keaton Wagler,G,Illinois Fighting Illini,17.90,5.10,4.20,0,1.27,High Ceiling,· 由 ESPN Big Board + 球员页解析,https://a.espncdn.com/combiner/i?img=/i/headshots/mens-college-basketball/players/full/5254165.png,https://www.espn.com/mens-college-basketball/player/_/id/5254165/keaton-wagler
darius-acuff-jr,6,Darius Acuff Jr,G,Arkansas Razorbacks,23.50,3.10,6.40,0,1.27,High Ceiling,· 由 ESPN Big Board + 球员页解析,https://a.espncdn.com/combiner/i?img=/i/headshots/mens-college-basketball/players/full/5142620.png,https://www.espn.com/mens-college-basketball/player/_/id/5142620/darius-acuff-jr
kingston-flemings,7,Kingston Flemings,G,Houston Cougars,16.10,4.10,5.20,0,1.27,High Ceiling,· 由 ESPN Big Board + 球员页解析,https://a.espncdn.com/combiner/i?img=/i/headshots/mens-college-basketball/players/full/5149077.png,https://www.espn.com/mens-college-basketball/player/_/id/5149077/kingston-flemings
richie-saunders,8,Richie Saunders,G,BYU Cougars,18.00,5.80,2.10,0,1.26,High Ceiling,· 由 ESPN Big Board + 球员页解析,https://a.espncdn.com/combiner/i?img=/i/headshots/mens-college-basketball/players/full/5105462.png,https://www.espn.com/mens-college-basketball/player/_/id/5105462/richie-saunders
nate-ament,9,Nate Ament,SF/PF,Tennessee,16.70,6.30,2.30,0,1.26,High Ceiling,Tennessee · 由 ESPN Big Board + 球员页解析,https://a.espncdn.com/combiner/i?img=/i/headshots/mens-college-basketball/players/full/5164559.png,https://www.espn.com/mens-college-basketball/player/_/id/5164559/nate-ament
mikel-brown-jr,10,Mikel Brown Jr,G,Louisville Cardinals,18.20,3.30,4.70,0,1.26,High Ceiling,· 由 ESPN Big Board + 球员页解析,https://a.espncdn.com/combiner/i?img=/i/headshots/mens-college-basketball/players/full/5101761.png,https://www.espn.com/mens-college-basketball/player/_/id/5101761/mikel-brown-jr
brayden-burries,11,Brayden Burries,SG,Arizona,16.10,4.90,2.40,0,1.26,High Ceiling,Arizona · 由 ESPN Big Board + 球员页解析,https://a.espncdn.com/combiner/i?img=/i/headshots/mens-college-basketball/players/full/5082206.png,https://www.espn.com/mens-college-basketball/player/_/id/5082206/brayden-burries
yaxel-lendeborg,12,Yaxel Lendeborg,PF/C,Michigan,15.10,6.80,3.20,0,1.25,High Ceiling,Michigan · 由 ESPN Big Board + 球员页解析,https://a.espncdn.com/combiner/i?img=/i/headshots/mens-college-basketball/players/full/5175737.png,https://www.espn.com/mens-college-basketball/player/_/id/5175737/yaxel-lendeborg
thomas-haugh,13,Thomas Haugh,SF/PF,Florida,17.10,6.10,2.10,0,1.25,Medium Risk,Florida · 由 ESPN Big Board + 球员页解析,https://a.espncdn.com/combiner/i?img=/i/headshots/mens-college-basketball/players/full/5080489.png,https://www.espn.com/mens-college-basketball/player/_/id/5080489/thomas-haugh
aday-mara,14,Aday Mara,C,Michigan,12.10,6.80,2.40,0,1.25,Medium Risk,Michigan · 由 ESPN Big Board + 球员页解析,https://a.espncdn.com/combiner/i?img=/i/headshots/mens-college-basketball/players/full/5174983.png,https://www.espn.com/mens-college-basketball/player/_/id/5174983/aday-mara
hannes-steinbach,15,Hannes Steinbach,PF/C,Washington,18.50,11.80,1.60,0,1.25,Medium Risk,Washington · 由 ESPN Big Board + 球员页解析,https://a.espncdn.com/combiner/i?img=/i/headshots/mens-college-basketball/players/full/5281370.png,https://www.espn.com/mens-college-basketball/player/_/id/5281370/hannes-steinbach
labaron-philon-jr,16,Labaron Philon Jr,G,Alabama Crimson Tide,22.00,3.50,5.00,0,1.24,Medium Risk,· 由 ESPN Big Board + 球员页解析,https://a.espncdn.com/combiner/i?img=/i/headshots/mens-college-basketball/players/full/4873090.png,https://www.espn.com/mens-college-basketball/player/_/id/4873090/labaron-philon-jr
braylon-mullins,17,Braylon Mullins,SG,UConn,12.00,3.50,1.40,0,1.24,Medium Risk,UConn · 由 ESPN Big Board + 球员页解析,https://a.espncdn.com/combiner/i?img=/i/headshots/mens-college-basketball/players/full/5196916.png,https://www.espn.com/mens-college-basketball/player/_/id/5196916/braylon-mullins
chris-cenac-jr,18,Chris Cenac Jr,F,Houston Cougars,9.50,7.90,0.70,0,1.24,Medium Risk,· 由 ESPN Big Board + 球员页解析,https://a.espncdn.com/combiner/i?img=/i/headshots/mens-college-basketball/players/full/5142621.png,https://www.espn.com/mens-college-basketball/player/_/id/5142621/chris-cenac-jr
christian-anderson,19,Christian Anderson,PG,Texas Tech,18.50,3.60,7.40,0,1.24,Medium Risk,Texas Tech · 由 ESPN Big Board + 球员页解析,https://a.espncdn.com/combiner/i?img=/i/headshots/mens-college-basketball/players/full/5060701.png,https://www.espn.com/mens-college-basketball/player/_/id/5060701/christian-anderson
jt-toppin,20,JT Toppin,F,Texas Tech Red Raiders,21.80,10.80,2.10,0,1.23,Medium Risk,· 由 ESPN Big Board + 球员页解析,https://a.espncdn.com/combiner/i?img=/i/headshots/mens-college-basketball/players/full/5143604.png,https://www.espn.com/mens-college-basketball/player/_/id/5143604/jt-toppin
jayden-quaintance,21,Jayden Quaintance,C,Kentucky,5.00,5.00,0.50,0,1.23,Medium Risk,Kentucky · 由 ESPN Big Board + 球员页解析,https://a.espncdn.com/combiner/i?img=/i/headshots/mens-college-basketball/players/full/5101845.png,https://www.espn.com/mens-college-basketball/player/_/id/5101845/jayden-quaintance
isaiah-evans,22,Isaiah Evans,SG,Duke,15.00,3.20,1.30,0,1.23,Medium Risk,Duke · 由 ESPN Big Board + 球员页解析,https://a.espncdn.com/combiner/i?img=/i/headshots/mens-college-basketball/players/full/5061585.png,https://www.espn.com/mens-college-basketball/player/_/id/5061585/isaiah-evans
koa-peat,23,Koa Peat,PF/C,Arizona,14.10,5.60,2.60,0,1.23,Medium Risk,Arizona · 由 ESPN Big Board + 球员页解析,https://a.espncdn.com/combiner/i?img=/i/headshots/mens-college-basketball/players/full/5041953.png,https://www.espn.com/mens-college-basketball/player/_/id/5041953/koa-peat
bennett-stirtz,24,Bennett Stirtz,PG,Iowa,19.80,2.60,4.40,0,1.22,Medium Risk,Iowa · 由 ESPN Big Board + 球员页解析,https://a.espncdn.com/combiner/i?img=/i/headshots/mens-college-basketball/players/full/5241364.png,https://www.espn.com/mens-college-basketball/player/_/id/5241364/bennett-stirtz
cameron-carr,25,Cameron Carr,SG/SF,Baylor,18.90,5.80,2.60,0,1.22,Medium Risk,Baylor · 由 ESPN Big Board + 球员页解析,https://a.espncdn.com/combiner/i?img=/i/headshots/mens-college-basketball/players/full/5113969.png,https://www.espn.com/mens-college-basketball/player/_/id/5113969/cameron-carr
motiejus-krivas,26,Motiejus Krivas,C,Arizona,10.40,8.20,1.10,0,1.22,Medium Risk,Arizona · 由 ESPN Big Board + 球员页解析,https://a.espncdn.com/combiner/i?img=/i/headshots/mens-college-basketball/players/full/5174954.png,https://www.espn.com/mens-college-basketball/player/_/id/5174954/motiejus-krivas
dailyn-swain,27,Dailyn Swain,SG/SF,Texas,17.30,7.50,3.60,0,1.22,Medium Risk,Texas · 由 ESPN Big Board + 球员页解析,https://a.espncdn.com/combiner/i?img=/i/headshots/mens-college-basketball/players/full/4848625.png,https://www.espn.com/mens-college-basketball/player/_/id/4848625/dailyn-swain
morez-johnson-jr,28,Morez Johnson Jr,F,Michigan Wolverines,13.10,7.30,1.20,0,1.22,Medium Risk,· 由 ESPN Big Board + 球员页解析,https://a.espncdn.com/combiner/i?img=/i/headshots/mens-college-basketball/players/full/4873153.png,https://www.espn.com/mens-college-basketball/player/_/id/4873153/morez-johnson-jr
meleek-thomas,29,Meleek Thomas,PG/SG,Arkansas,15.60,3.80,2.50,0,1.21,Medium Risk,Arkansas · 由 ESPN Big Board + 球员页解析,https://a.espncdn.com/combiner/i?img=/i/headshots/mens-college-basketball/players/full/5041951.png,https://www.espn.com/mens-college-basketball/player/_/id/5041951/meleek-thomas
amari-allen,30,Amari Allen,SF/PF,Alabama,11.40,6.90,3.10,0,1.21,Medium Risk,Alabama · 由 ESPN Big Board + 球员页解析,https://a.espncdn.com/combiner/i?img=/i/headshots/mens-college-basketball/players/full/5101833.png,https://www.espn.com/mens-college-basketball/player/_/id/5101833/amari-allen
alex-condon,31,Alex Condon,C,Florida,15.10,7.50,3.60,0,1.21,NBA Ready,Florida · 由 ESPN Big Board + 球员页解析,https://a.espncdn.com/combiner/i?img=/i/headshots/mens-college-basketball/players/full/5174657.png,https://www.espn.com/mens-college-basketball/player/_/id/5174657/alex-condon
dame-sarr,32,Dame Sarr,SG/SF,Duke,6.40,3.80,1.10,0,1.21,NBA Ready,Duke · 由 ESPN Big Board + 球员页解析,https://a.espncdn.com/combiner/i?img=/i/headshots/mens-college-basketball/players/full/5287474.png,https://www.espn.com/mens-college-basketball/player/_/id/5287474/dame-sarr
allen-graves,33,Allen Graves,PF,Santa Clara,11.80,6.50,1.80,0,1.20,NBA Ready,Santa Clara · 由 ESPN Big Board + 球员页解析,https://a.espncdn.com/combiner/i?img=/i/headshots/mens-college-basketball/players/full/5149115.png,http://www.espn.com/mens-college-basketball/player/_/id/5149115/allen-graves
tyler-tanner,34,Tyler Tanner,PG/SG,Vanderbilt,19.50,3.60,5.10,0,1.20,NBA Ready,Vanderbilt · 由 ESPN Big Board + 球员页解析,https://a.espncdn.com/combiner/i?img=/i/headshots/mens-college-basketball/players/full/5187600.png,https://www.espn.com/mens-college-basketball/player/_/id/5187600/tyler-tanner
patrick-ngongba-ii,35,Patrick Ngongba II,C,Duke,10.10,5.80,2.00,0,1.20,NBA Ready,Duke · 由 ESPN Big Board + 球员页解析,https://a.espncdn.com/combiner/i?img=/i/headshots/mens-college-basketball/players/full/4873209.png,https://www.espn.com/mens-college-basketball/player/_/id/4873209/patrick-ngongba-ii
joshua-jefferson,36,Joshua Jefferson,SF/PF,Iowa State,16.40,7.40,4.80,0,1.20,NBA Ready,Iowa State · 由 ESPN Big Board + 球员页解析,https://a.espncdn.com/combiner/i?img=/i/headshots/mens-college-basketball/players/full/4870564.png,https://www.espn.com/mens-college-basketball/player/_/id/4870564/joshua-jefferson
alex-karaban,37,Alex Karaban,SF/PF,UConn,13.20,5.30,2.40,0,1.19,NBA Ready,UConn · 由 ESPN Big Board + 球员页解析,https://a.espncdn.com/combiner/i?img=/i/headshots/mens-college-basketball/players/full/4917149.png,https://www.espn.com/mens-college-basketball/player/_/id/4917149/alex-karaban
zuby-ejiofor,38,Zuby Ejiofor,PF/C,St. John's,16.30,7.30,3.50,0,1.19,NBA Ready,St. John's · 由 ESPN Big Board + 球员页解析,https://a.espncdn.com/combiner/i?img=/i/headshots/mens-college-basketball/players/full/5106262.png,https://www.espn.com/mens-college-basketball/player/_/id/5106262/zuby-ejiofor
ebuka-okorie,39,Ebuka Okorie,PG,Stanford,23.20,3.60,3.60,0,1.19,NBA Ready,Stanford · 由 ESPN Big Board + 球员页解析,https://a.espncdn.com/combiner/i?img=/i/headshots/mens-college-basketball/players/full/5258459.png,https://www.espn.com/mens-college-basketball/player/_/id/5258459/ebuka-okorie
juke-harris,40,Juke Harris,SG,Wake Forest,21.40,6.50,1.90,0,1.19,NBA Ready,Wake Forest · 由 ESPN Big Board + 球员页解析,https://a.espncdn.com/combiner/i?img=/i/headshots/mens-college-basketball/players/full/5142609.png,https://www.espn.com/mens-college-basketball/player/_/id/5142609/juke-harris
tounde-yessoufou,41,Tounde Yessoufou,SF,Baylor,17.80,5.90,1.60,0,1.18,NBA Ready,Baylor · 由 ESPN Big Board + 球员页解析,https://a.espncdn.com/combiner/i?img=/i/headshots/mens-college-basketball/players/full/5095152.png,https://www.espn.com/mens-college-basketball/player/_/id/5095152/tounde-yessoufou
tarris-reed-jr,42,Tarris Reed Jr,C,UConn Huskies,14.70,9.00,2.30,0,1.18,NBA Ready,· 由 ESPN Big Board + 球员页解析,https://a.espncdn.com/combiner/i?img=/i/headshots/mens-college-basketball/players/full/5105809.png,http://www.espn.com/mens-college-basketball/player/_/id/5105809/tarris-reed-jr
milan-momcilovic,43,Milan Momcilovic,PF,Iowa State,16.90,3.10,1.00,0,1.18,NBA Ready,Iowa State · 由 ESPN Big Board + 球员页解析,https://a.espncdn.com/combiner/i?img=/i/headshots/mens-college-basketball/players/full/4848637.png,http://www.espn.com/mens-college-basketball/player/_/id/4848637/milan-momcilovic
henri-veesaar,44,Henri Veesaar,C,North Carolina,17.00,8.70,2.10,0,1.18,NBA Ready,North Carolina · 由 ESPN Big Board + 球员页解析,https://a.espncdn.com/combiner/i?img=/i/headshots/mens-college-basketball/players/full/5105571.png,https://www.espn.com/mens-college-basketball/player/_/id/5105571/henri-veesaar
braden-smith,45,Braden Smith,PG,Purdue,14.30,3.50,8.80,0,1.17,NBA Ready,Purdue · 由 ESPN Big Board + 球员页解析,https://a.espncdn.com/combiner/i?img=/i/headshots/mens-college-basketball/players/full/5105854.png,https://www.espn.com/mens-college-basketball/player/_/id/5105854/braden-smith
ryan-conwell,46,Ryan Conwell,SG,Louisville,18.80,4.80,2.70,0,1.17,NBA Ready,Louisville · 由 ESPN Big Board + 球员页解析,https://a.espncdn.com/combiner/i?img=/i/headshots/mens-college-basketball/players/full/5107157.png,https://www.espn.com/mens-college-basketball/player/_/id/5107157/ryan-conwell
pryce-sandfort,47,Pryce Sandfort,SG/SF,Nebraska,18.10,4.90,2.00,0,1.17,NBA Ready,Nebraska · 由 ESPN Big Board + 球员页解析,https://a.espncdn.com/combiner/i?img=/i/headshots/mens-college-basketball/players/full/4858604.png,https://www.espn.com/mens-college-basketball/player/_/id/4858604/pryce-sandfort
flory-bidunga,48,Flory Bidunga,C,Kansas,13.30,9.00,1.50,0,1.17,NBA Ready,Kansas · 由 ESPN Big Board + 球员页解析,https://a.espncdn.com/combiner/i?img=/i/headshots/mens-college-basketball/players/full/5044426.png,http://www.espn.com/mens-college-basketball/player/_/id/5044426/flory-bidunga
joseph-tugler,49,Joseph Tugler,PF/C,Houston,8.40,5.30,1.30,0,1.16,NBA Ready,Houston · 由 ESPN Big Board + 球员页解析,https://a.espncdn.com/combiner/i?img=/i/headshots/mens-college-basketball/players/full/5060700.png,https://www.espn.com/mens-college-basketball/player/_/id/5060700/joseph-tugler
alijah-arenas,50,Alijah Arenas,SG,USC,14.10,2.90,2.10,0,1.16,NBA Ready,USC · 由 ESPN Big Board + 球员页解析,https://a.espncdn.com/combiner/i?img=/i/headshots/mens-college-basketball/players/full/5144495.png,https://www.espn.com/mens-college-basketball/player/_/id/5144495/alijah-arenas
paul-mcneil-jr,51,Paul McNeil Jr,G,NC State Wolfpack,13.80,3.60,0.80,0,1.16,NBA Ready,· 由 ESPN Big Board + 球员页解析,https://a.espncdn.com/combiner/i?img=/i/headshots/mens-college-basketball/players/full/4873151.png,http://www.espn.com/mens-college-basketball/player/_/id/4873151/paul-mcneil-jr
jaden-bradley,52,Jaden Bradley,PG/SG,Arizona,13.30,3.40,4.40,0,1.16,NBA Ready,Arizona · 由 ESPN Big Board + 球员页解析,https://a.espncdn.com/combiner/i?img=/i/headshots/mens-college-basketball/players/full/4432737.png,https://www.espn.com/mens-college-basketball/player/_/id/4432737/jaden-bradley
baba-miller,53,Baba Miller,PF/C,Cincinnati,13.00,10.30,3.70,0,1.16,NBA Ready,Cincinnati · 由 ESPN Big Board + 球员页解析,https://a.espncdn.com/combiner/i?img=/i/headshots/mens-college-basketball/players/full/5075626.png,https://www.espn.com/mens-college-basketball/player/_/id/5075626/baba-miller
rueben-chinyelu,54,Rueben Chinyelu,C,Florida,10.90,11.20,0.70,0,1.15,NBA Ready,Florida · 由 ESPN Big Board + 球员页解析,https://a.espncdn.com/combiner/i?img=/i/headshots/mens-college-basketball/players/full/5174971.png,https://www.espn.com/mens-college-basketball/player/_/id/5174971/rueben-chinyelu
matthew-able,55,Matthew Able,SF,NC State,8.80,3.40,0.90,0,1.15,NBA Ready,NC State · 由 ESPN Big Board + 球员页解析,https://a.espncdn.com/combiner/i?img=/i/headshots/mens-college-basketball/players/full/5196877.png,https://www.espn.com/mens-college-basketball/player/_/id/5196877/matt-able
malachi-moreno,56,Malachi Moreno,C,Kentucky,7.80,6.30,1.80,0,1.15,NBA Ready,Kentucky · 由 ESPN Big Board + 球员页解析,https://a.espncdn.com/combiner/i?img=/i/headshots/mens-college-basketball/players/full/5101849.png,https://www.espn.com/mens-college-basketball/player/_/id/5101849/malachi-moreno
ugonna-onyenso,57,Ugonna Onyenso,C,Virginia,6.50,4.90,0.60,0,1.15,NBA Ready,Virginia · 由 ESPN Big Board + 球员页解析,https://a.espncdn.com/combiner/i?img=/i/headshots/mens-college-basketball/players/full/5037878.png,https://www.espn.com/mens-college-basketball/player/_/id/5037878/ugonna-onyenso
bruce-thornton,58,Bruce Thornton,PG/SG,Ohio State,19.90,5.10,3.90,0,1.14,NBA Ready,Ohio State · 由 ESPN Big Board + 球员页解析,https://a.espncdn.com/combiner/i?img=/i/headshots/mens-college-basketball/players/full/5105837.png,https://www.espn.com/mens-college-basketball/player/_/id/5105837/bruce-thornton
tomislav-ivisic,59,Tomislav Ivisic,C,Illinois,10.40,5.60,1.60,0,1.14,NBA Ready,Illinois · 由 ESPN Big Board + 球员页解析,https://a.espncdn.com/combiner/i?img=/i/headshots/mens-college-basketball/players/full/5214642.png,https://www.espn.com/mens-college-basketball/player/_/id/5214642/tomislav-ivisic
kylan-boswell,60,Kylan Boswell,PG/SG,Illinois,12.30,4.00,3.00,0,1.14,NBA Ready,Illinois · 由 ESPN Big Board + 球员页解析,https://a.espncdn.com/combiner/i?img=/i/headshots/mens-college-basketball/players/full/4684269.png,https://www.espn.com/mens-college-basketball/player/_/id/4684269/kylan-boswell
emanuel-sharp,61,Emanuel Sharp,SG,Houston,15.50,3.00,1.70,0,1.14,NBA Ready,Houston · 由 ESPN Big Board + 球员页解析,https://a.espncdn.com/combiner/i?img=/i/headshots/mens-college-basketball/players/full/5106058.png,https://www.espn.com/mens-college-basketball/player/_/id/5106058/emanuel-sharp
solo-ball,62,Solo Ball,SG,UConn,12.80,3.00,1.50,0,1.13,NBA Ready,UConn · 由 ESPN Big Board + 球员页解析,https://a.espncdn.com/combiner/i?img=/i/headshots/mens-college-basketball/players/full/4895737.png,https://www.espn.com/mens-college-basketball/player/_/id/4895737/solo-ball
milos-uzan,63,Milos Uzan,PG,Houston,11.10,2.70,4.00,0,1.13,NBA Ready,Houston · 由 ESPN Big Board + 球员页解析,https://a.espncdn.com/combiner/i?img=/i/headshots/mens-college-basketball/players/full/5106272.png,https://www.espn.com/mens-college-basketball/player/_/id/5106272/milos-uzan
kj-lewis,64,KJ Lewis,SG,Georgetown,14.90,5.10,2.50,0,1.13,NBA Ready,Georgetown · 由 ESPN Big Board + 球员页解析,https://a.espncdn.com/combiner/i?img=/i/headshots/mens-college-basketball/players/full/5174952.png,http://www.espn.com/mens-college-basketball/player/_/id/5174952/kj-lewis
nolan-winter,65,Nolan Winter,PF/C,Wisconsin,13.10,8.50,1.50,0,1.13,NBA Ready,Wisconsin · 由 ESPN Big Board + 球员页解析,https://a.espncdn.com/combiner/i?img=/i/headshots/mens-college-basketball/players/full/4895783.png,https://www.espn.com/mens-college-basketball/player/_/id/4895783/nolan-winter
andrej-stojakovic,66,Andrej Stojakovic,SG/SF,Illinois,13.50,4.50,1.00,0,1.12,NBA Ready,Illinois · 由 ESPN Big Board + 球员页解析,https://a.espncdn.com/combiner/i?img=/i/headshots/mens-college-basketball/players/full/5175007.png,https://www.espn.com/mens-college-basketball/player/_/id/5175007/andrej-stojakovic
jeremy-fears-jr,67,Jeremy Fears Jr,G,Michigan State Spartans,15.20,2.40,9.40,0,1.12,NBA Ready,· 由 ESPN Big Board + 球员页解析,https://a.espncdn.com/combiner/i?img=/i/headshots/mens-college-basketball/players/full/4711255.png,https://www.espn.com/mens-college-basketball/player/_/id/4711255/jeremy-fears-jr
tyler-nickel,68,Tyler Nickel,SG,Vanderbilt,13.50,3.30,1.20,0,1.12,NBA Ready,Vanderbilt · 由 ESPN Big Board + 球员页解析,https://a.espncdn.com/combiner/i?img=/i/headshots/mens-college-basketball/players/full/4838721.png,https://www.espn.com/mens-college-basketball/player/_/id/4838721/tyler-nickel
ja-kobi-gillespie,69,Ja'Kobi Gillespie,PG,Tennessee,18.40,2.80,5.40,0,1.12,NBA Ready,Tennessee · 由 ESPN Big Board + 球员页解析,https://a.espncdn.com/combiner/i?img=/i/headshots/mens-college-basketball/players/full/5107968.png,https://www.espn.com/mens-college-basketball/player/_/id/5107968/jakobi-gillespie
tamin-lipsey,70,Tamin Lipsey,PG,Iowa State,13.50,3.90,5.10,0,1.11,NBA Ready,Iowa State · 由 ESPN Big Board + 球员页解析,https://a.espncdn.com/combiner/i?img=/i/headshots/mens-college-basketball/players/full/5106254.png,https://www.espn.com/mens-college-basketball/player/_/id/5106254/tamin-lipsey
maliq-brown,71,Maliq Brown,PF/C,Duke,4.90,5.20,1.60,0,1.11,NBA Ready,Duke · 由 ESPN Big Board + 球员页解析,https://a.espncdn.com/combiner/i?img=/i/headshots/mens-college-basketball/players/full/5105337.png,https://www.espn.com/mens-college-basketball/player/_/id/5105337/maliq-brown
trevon-brazile,72,Trevon Brazile,PF/C,Arkansas,13.00,7.30,1.60,0,1.11,NBA Ready,Arkansas · 由 ESPN Big Board + 球员页解析,https://a.espncdn.com/combiner/i?img=/i/headshots/mens-college-basketball/players/full/4698719.png,https://www.espn.com/mens-college-basketball/player/_/id/4698719/trevon-brazile
tyler-bilodeau,73,Tyler Bilodeau,PF,UCLA,17.60,5.60,1.10,0,1.11,NBA Ready,UCLA · 由 ESPN Big Board + 球员页解析,https://a.espncdn.com/combiner/i?img=/i/headshots/mens-college-basketball/players/full/5105626.png,https://www.espn.com/mens-college-basketball/player/_/id/5105626/tyler-bilodeau
john-blackwell,74,John Blackwell,SG,Wisconsin,19.10,5.10,2.30,0,1.10,NBA Ready,Wisconsin · 由 ESPN Big Board + 球员页解析,https://a.espncdn.com/combiner/i?img=/i/headshots/mens-college-basketball/players/full/5103630.png,http://www.espn.com/mens-college-basketball/player/_/id/5103630/john-blackwell
zvonimir-ivisic,75,Zvonimir Ivisic,C,Illinois,6.40,4.50,0.30,0,1.10,NBA Ready,Illinois · 由 ESPN Big Board + 球员页解析,https://a.espncdn.com/combiner/i?img=/i/headshots/mens-college-basketball/players/full/5174665.png,https://www.espn.com/mens-college-basketball/player/_/id/5174665/zvonimir-ivisic
nick-martinelli,76,Nick Martinelli,SF/PF,Northwestern,23.00,6.20,2.00,0,1.10,NBA Ready,Northwestern · 由 ESPN Big Board + 球员页解析,https://a.espncdn.com/combiner/i?img=/i/headshots/mens-college-basketball/players/full/5105832.png,https://www.espn.com/mens-college-basketball/player/_/id/5105832/nick-martinelli
cade-tyson,77,Cade Tyson,SG/SF,Minnesota,19.60,5.40,2.10,0,1.10,NBA Ready,Minnesota · 由 ESPN Big Board + 球员页解析,https://a.espncdn.com/combiner/i?img=/i/headshots/mens-college-basketball/players/full/5107970.png,https://www.espn.com/mens-college-basketball/player/_/id/5107970/cade-tyson
oscar-cluff,78,Oscar Cluff,C,Purdue,10.60,7.50,1.80,0,1.10,NBA Ready,Purdue · 由 ESPN Big Board + 球员页解析,https://a.espncdn.com/combiner/i?img=/i/headshots/mens-college-basketball/players/full/5174973.png,https://www.espn.com/mens-college-basketball/player/_/id/5174973/oscar-cluff
felix-okpara,79,Felix Okpara,C,Tennessee,8.00,6.30,0.50,0,1.09,NBA Ready,Tennessee · 由 ESPN Big Board + 球员页解析,https://a.espncdn.com/combiner/i?img=/i/headshots/mens-college-basketball/players/full/5105841.png,https://www.espn.com/mens-college-basketball/player/_/id/5105841/felix-okpara
tucker-devries,80,Tucker DeVries,SG/SF,Indiana,13.70,5.30,3.30,0,1.09,NBA Ready,Indiana · 由 ESPN Big Board + 球员页解析,https://a.espncdn.com/combiner/i?img=/i/headshots/mens-college-basketball/players/full/4837238.png,https://www.espn.com/mens-college-basketball/player/_/id/4837238/tucker-devries
trey-kaufman-renn,81,Trey Kaufman-Renn,PF/C,Purdue,14.20,8.30,2.50,0,1.09,NBA Ready,Purdue · 由 ESPN Big Board + 球员页解析,https://a.espncdn.com/combiner/i?img=/i/headshots/mens-college-basketball/players/full/4897438.png,https://www.espn.com/mens-college-basketball/player/_/id/4897438/trey-kaufman-renn
darrion-williams,82,Darrion Williams,SF,NC State,14.00,4.60,2.80,0,1.09,NBA Ready,NC State · 由 ESPN Big Board + 球员页解析,https://a.espncdn.com/combiner/i?img=/i/headshots/mens-college-basketball/players/full/4937074.png,https://www.espn.com/mens-college-basketball/player/_/id/4937074/darrion-williams
rafael-castro,83,Rafael Castro,C,George Washington,15.30,9.10,1.70,0,1.08,NBA Ready,George Washington · 由 ESPN Big Board + 球员页解析,https://a.espncdn.com/combiner/i?img=/i/headshots/mens-college-basketball/players/full/4684443.png,https://www.espn.com/mens-college-basketball/player/_/id/4684443/rafael-castro
dillon-mitchell,84,Dillon Mitchell,PF,St. John's,8.30,7.00,3.00,0,1.08,NBA Ready,St. John's · 由 ESPN Big Board + 球员页解析,https://a.espncdn.com/combiner/i?img=/i/headshots/mens-college-basketball/players/full/5106283.png,https://www.espn.com/mens-college-basketball/player/_/id/5106283/dillon-mitchell
jaron-pierre-jr,85,Jaron Pierre Jr,G,SMU Mustangs,17.60,4.90,2.10,0,1.08,NBA Ready,· 由 ESPN Big Board + 球员页解析,https://a.espncdn.com/combiner/i?img=/i/headshots/mens-college-basketball/players/full/4703115.png,https://www.espn.com/mens-college-basketball/player/_/id/4703115/jaron-pierre-jr
otega-oweh,86,Otega Oweh,SG/SF,Kentucky,18.60,4.80,2.70,0,1.08,NBA Ready,Kentucky · 由 ESPN Big Board + 球员页解析,https://a.espncdn.com/combiner/i?img=/i/headshots/mens-college-basketball/players/full/5106270.png,https://www.espn.com/mens-college-basketball/player/_/id/5106270/otega-oweh
donovan-dent,87,Donovan Dent,PG,UCLA,13.30,2.90,7.60,0,1.07,NBA Ready,UCLA · 由 ESPN Big Board + 球员页解析,https://a.espncdn.com/combiner/i?img=/i/headshots/mens-college-basketball/players/full/5107782.png,https://www.espn.com/mens-college-basketball/player/_/id/5107782/donovan-dent
nate-bittle,88,Nate Bittle,C,Oregon,16.80,6.90,2.60,0,1.07,NBA Ready,Oregon · 由 ESPN Big Board + 球员页解析,https://a.espncdn.com/combiner/i?img=/i/headshots/mens-college-basketball/players/full/4432586.png,https://www.espn.com/mens-college-basketball/player/_/id/4432586/nate-bittle
fletcher-loyer,89,Fletcher Loyer,SG,Purdue,14.10,2.30,2.10,0,1.07,NBA Ready,Purdue · 由 ESPN Big Board + 球员页解析,https://a.espncdn.com/combiner/i?img=/i/headshots/mens-college-basketball/players/full/5105853.png,https://www.espn.com/mens-college-basketball/player/_/id/5105853/fletcher-loyer
quadir-copeland,90,Quadir Copeland,PG,NC State,13.90,3.60,6.50,0,1.07,NBA Ready,NC State · 由 ESPN Big Board + 球员页解析,https://a.espncdn.com/combiner/i?img=/i/headshots/mens-college-basketball/players/full/4683860.png,https://www.espn.com/mens-college-basketball/player/_/id/4683860/quadir-copeland
seth-trimble,91,Seth Trimble,PG/SG,North Carolina,14.00,3.80,3.00,0,1.06,NBA Ready,North Carolina · 由 ESPN Big Board + 球员页解析,https://a.espncdn.com/combiner/i?img=/i/headshots/mens-college-basketball/players/full/4712836.png,https://www.espn.com/mens-college-basketball/player/_/id/4712836/seth-trimble
mark-mitchell,92,Mark Mitchell,PF,Missouri,18.30,5.20,3.60,0,1.06,NBA Ready,Missouri · 由 ESPN Big Board + 球员页解析,https://a.espncdn.com/combiner/i?img=/i/headshots/mens-college-basketball/players/full/4433285.png,https://www.espn.com/mens-college-basketball/player/_/id/4433285/mark-mitchell
kashie-natt,93,Kashie Natt,SG,Sam Houston,10.80,8.20,2.40,0,1.06,NBA Ready,Sam Houston · 由 ESPN Big Board + 球员页解析,https://a.espncdn.com/combiner/i?img=/i/headshots/mens-college-basketball/players/full/5117648.png,https://www.espn.com/mens-college-basketball/player/_/id/5117648/kashie-natt
