player_id,player_name,avatar_url,team_abbr,pos,age,gp,mpg,pts,fg3_pct,reb,ast,stl,blk,tov,pool,archetype,season,jersey_no
1630552,Jalen Johnson,https://cdn.nba.com/headshots/nba/latest/1040x760/1630552.png,ATL,F,24,72,35.2,22.5,0.352,10.3,7.9,1.2,0.4,3.4,rotation,rotation,2025-26,1
1629638,Nickeil Alexander-Walker,https://cdn.nba.com/headshots/nba/latest/1040x760/1629638.png,ATL,G,27,78,33.4,20.8,0.399,3.4,3.7,1.3,0.5,2.1,rotation,rotation,2025-26,7
1630700,Dyson Daniels,https://cdn.nba.com/headshots/nba/latest/1040x760/1630700.png,ATL,G,23,76,33.2,11.9,0.188,6.8,5.9,2.0,0.4,1.8,rotation,rotation,2025-26,5
1630168,Onyeka Okongwu,https://cdn.nba.com/headshots/nba/latest/1040x760/1630168.png,ATL,F-C,25,74,31.0,15.2,0.376,7.6,3.1,1.1,1.1,1.7,rotation,rotation,2025-26,17
203468,CJ McCollum,https://cdn.nba.com/headshots/nba/latest/1040x760/203468.png,ATL,G,34,76,29.8,18.7,0.375,3.3,3.9,0.8,0.5,1.8,rotation,rotation,2025-26,3
1630228,Jonathan Kuminga,https://cdn.nba.com/headshots/nba/latest/1040x760/1630228.png,ATL,F,23,36,23.1,12.2,0.333,5.6,2.3,0.6,0.3,1.9,rotation,rotation,2025-26,0
1642258,Zaccharie Risacher,https://cdn.nba.com/headshots/nba/latest/1040x760/1642258.png,ATL,F,21,67,22.4,9.6,0.368,3.8,1.1,0.9,0.5,0.9,rotation,rotation,2025-26,10
1629111,Jock Landale,https://cdn.nba.com/headshots/nba/latest/1040x760/1629111.png,ATL,C,30,68,22.1,10.6,0.383,5.7,1.7,0.5,0.5,0.9,rotation,rotation,2025-26,31
1630557,Corey Kispert,https://cdn.nba.com/headshots/nba/latest/1040x760/1630557.png,ATL,F,27,58,18.6,9.2,0.367,2.3,1.6,0.3,0.2,0.8,rotation,rotation,2025-26,24
1642933,Keshon Gilbert,https://cdn.nba.com/headshots/nba/latest/1040x760/1642933.png,ATL,G,22,4,18.4,4.3,0.0,1.3,3.0,0.8,1.0,2.0,rotation,rotation,2025-26,
1629216,Gabe Vincent,https://cdn.nba.com/headshots/nba/latest/1040x760/1629216.png,ATL,G,29,53,16.6,4.4,0.341,1.0,1.4,0.5,0.1,0.5,rotation,rotation,2025-26,4
1627741,Buddy Hield,https://cdn.nba.com/headshots/nba/latest/1040x760/1627741.png,ATL,G,33,51,16.1,7.6,0.349,2.3,1.4,0.8,0.2,0.9,rotation,rotation,2025-26,8
1631243,Mouhamed Gueye,https://cdn.nba.com/headshots/nba/latest/1040x760/1631243.png,ATL,F,23,77,15.3,4.4,0.308,3.6,0.9,0.8,0.5,0.4,rotation,rotation,2025-26,18
1631132,Christian Koloko,https://cdn.nba.com/headshots/nba/latest/1040x760/1631132.png,ATL,C,25,27,13.2,2.7,0.111,3.0,0.7,0.5,0.9,0.6,rotation,rotation,2025-26,10
1642484,RayJ Dennis,https://cdn.nba.com/headshots/nba/latest/1040x760/1642484.png,ATL,G,25,17,12.1,4.4,0.311,1.5,1.9,0.2,0.2,1.0,rotation,rotation,2025-26,00
1642854,Asa Newell,https://cdn.nba.com/headshots/nba/latest/1040x760/1642854.png,ATL,F,20,44,11.4,5.2,0.387,2.2,0.6,0.4,0.3,0.5,rotation,rotation,2025-26,14
1628396,Tony Bradley,https://cdn.nba.com/headshots/nba/latest/1040x760/1628396.png,ATL,C-F,28,41,11.0,4.0,0.5,2.8,0.5,0.1,0.2,0.4,rotation,rotation,2025-26,13
1630811,Keaton Wallace,https://cdn.nba.com/headshots/nba/latest/1040x760/1630811.png,ATL,G,27,53,10.1,3.5,0.373,1.1,1.8,0.5,0.1,0.5,rotation,rotation,2025-26,2
1629008,Michael Porter Jr.,https://cdn.nba.com/headshots/nba/latest/1040x760/1629008.png,BKN,F,27,52,32.5,24.2,0.363,7.1,3.0,1.1,0.3,2.3,rotation,rotation,2025-26,17
1629651,Nic Claxton,https://cdn.nba.com/headshots/nba/latest/1040x760/1629651.png,BKN,C,27,69,27.8,11.7,0.158,6.9,3.7,0.7,1.1,1.4,rotation,rotation,2025-26,33
1641730,Noah Clowney,https://cdn.nba.com/headshots/nba/latest/1040x760/1641730.png,BKN,F-C,21,66,27.0,12.3,0.329,4.1,1.6,0.8,0.7,1.5,rotation,rotation,2025-26,21
1642856,Egor Dëmin,https://cdn.nba.com/headshots/nba/latest/1040x760/1642856.png,BKN,G,20,52,25.2,10.3,0.385,3.2,3.3,0.8,0.3,1.7,rotation,rotation,2025-26,8
1629611,Terance Mann,https://cdn.nba.com/headshots/nba/latest/1040x760/1629611.png,BKN,G-F,29,63,24.3,7.2,0.364,3.2,3.0,0.7,0.2,1.1,rotation,rotation,2025-26,14
1641869,Malachi Smith,https://cdn.nba.com/headshots/nba/latest/1040x760/1641869.png,BKN,G,26,15,23.9,8.3,0.435,3.4,3.3,0.8,0.3,0.9,rotation,rotation,2025-26,18
1630533,Ziaire Williams,https://cdn.nba.com/headshots/nba/latest/1040x760/1630533.png,BKN,F,24,56,22.9,10.2,0.343,2.4,1.1,1.4,0.4,1.1,rotation,rotation,2025-26,1
1642849,Nolan Traore,https://cdn.nba.com/headshots/nba/latest/1040x760/1642849.png,BKN,G,19,56,22.2,8.9,0.318,1.8,3.8,0.8,0.4,2.3,rotation,rotation,2025-26,88
1642962,Drake Powell,https://cdn.nba.com/headshots/nba/latest/1040x760/1642962.png,BKN,G-F,20,63,20.9,6.5,0.28,1.8,1.4,0.6,0.2,1.0,rotation,rotation,2025-26,4
1642879,Ben Saraf,https://cdn.nba.com/headshots/nba/latest/1040x760/1642879.png,BKN,G,20,44,20.8,7.5,0.211,2.1,3.3,0.9,0.2,2.3,rotation,rotation,2025-26,77
1642874,Danny Wolf,https://cdn.nba.com/headshots/nba/latest/1040x760/1642874.png,BKN,F,21,57,20.8,8.9,0.322,4.9,2.2,0.5,0.6,1.3,rotation,rotation,2025-26,2
1643052,Chaney Johnson,https://cdn.nba.com/headshots/nba/latest/1040x760/1643052.png,BKN,G-F,23,17,20.4,8.2,0.3,4.6,2.1,0.9,0.5,1.2,rotation,rotation,2025-26,31
1630549,Day'Ron Sharpe,https://cdn.nba.com/headshots/nba/latest/1040x760/1630549.png,BKN,C,24,62,18.7,8.7,0.231,6.7,2.3,1.1,0.4,1.7,rotation,rotation,2025-26,20
1631169,Josh Minott,https://cdn.nba.com/headshots/nba/latest/1040x760/1631169.png,BKN,F,23,49,17.0,7.4,0.418,3.2,0.9,0.9,0.5,0.9,rotation,rotation,2025-26,00
1630592,Jalen Wilson,https://cdn.nba.com/headshots/nba/latest/1040x760/1630592.png,BKN,F,25,54,15.9,6.4,0.355,2.1,0.9,0.4,0.0,0.7,rotation,rotation,2025-26,22
1630623,Tyson Etienne,https://cdn.nba.com/headshots/nba/latest/1040x760/1630623.png,BKN,G,26,24,15.8,7.9,0.398,1.1,1.7,0.5,0.0,0.7,rotation,rotation,2025-26,10
1630534,Ochai Agbaji,https://cdn.nba.com/headshots/nba/latest/1040x760/1630534.png,BKN,G,26,62,15.7,5.1,0.266,2.3,0.8,0.4,0.3,0.5,rotation,rotation,2025-26,30
1630604,E.J. Liddell,https://cdn.nba.com/headshots/nba/latest/1040x760/1630604.png,BKN,F,25,26,13.4,5.7,0.346,2.7,0.9,0.2,0.4,0.6,rotation,rotation,2025-26,9
1627759,Jaylen Brown,https://cdn.nba.com/headshots/nba/latest/1040x760/1627759.png,BOS,G-F,29,71,34.4,28.7,0.347,6.9,5.1,1.0,0.4,3.6,rotation,rotation,2025-26,7
1628401,Derrick White,https://cdn.nba.com/headshots/nba/latest/1040x760/1628401.png,BOS,G,31,77,34.1,16.5,0.327,4.4,5.4,1.1,1.3,1.7,rotation,rotation,2025-26,9
1628369,Jayson Tatum,https://cdn.nba.com/headshots/nba/latest/1040x760/1628369.png,BOS,F-G,28,16,32.6,21.8,0.329,10.0,5.3,1.4,0.2,2.4,rotation,rotation,2025-26,0
1630202,Payton Pritchard,https://cdn.nba.com/headshots/nba/latest/1040x760/1630202.png,BOS,G,28,79,32.3,17.0,0.377,3.9,5.2,0.7,0.1,1.4,rotation,rotation,2025-26,11
202696,Nikola Vučević,https://cdn.nba.com/headshots/nba/latest/1040x760/202696.png,BOS,C,35,64,28.4,15.1,0.369,8.4,3.3,0.6,0.6,1.3,rotation,rotation,2025-26,4
1629674,Neemias Queta,https://cdn.nba.com/headshots/nba/latest/1040x760/1629674.png,BOS,C,26,76,25.3,10.2,0.125,8.4,1.7,0.8,1.3,1.0,rotation,rotation,2025-26,88
1630573,Sam Hauser,https://cdn.nba.com/headshots/nba/latest/1040x760/1630573.png,BOS,F,28,78,24.8,9.2,0.393,3.8,1.5,0.5,0.3,0.4,rotation,rotation,2025-26,30
1631248,Baylor Scheierman,https://cdn.nba.com/headshots/nba/latest/1040x760/1631248.png,BOS,G,25,77,18.6,5.5,0.399,3.5,1.5,0.5,0.1,0.6,rotation,rotation,2025-26,55
1641775,Jordan Walsh,https://cdn.nba.com/headshots/nba/latest/1040x760/1641775.png,BOS,G,22,68,17.8,5.4,0.384,4.0,0.8,0.7,0.5,0.5,rotation,rotation,2025-26,27
1630568,Luka Garza,https://cdn.nba.com/headshots/nba/latest/1040x760/1630568.png,BOS,C,27,69,16.2,8.1,0.433,4.1,1.0,0.4,0.4,0.7,rotation,rotation,2025-26,52
1642864,Hugo González,https://cdn.nba.com/headshots/nba/latest/1040x760/1642864.png,BOS,G,20,74,14.6,3.9,0.362,3.3,0.5,0.6,0.3,0.5,rotation,rotation,2025-26,28
1631199,Ron Harper Jr.,https://cdn.nba.com/headshots/nba/latest/1040x760/1631199.png,BOS,G-F,26,29,10.9,4.2,0.35,1.7,0.8,0.3,0.3,0.3,rotation,rotation,2025-26,13
1630625,Dalano Banton,https://cdn.nba.com/headshots/nba/latest/1040x760/1630625.png,BOS,F,26,6,10.3,2.0,0.0,0.8,1.8,0.3,0.8,1.3,rotation,rotation,2025-26,45
1642910,John Tonje,https://cdn.nba.com/headshots/nba/latest/1040x760/1642910.png,BOS,G,24,6,7.0,2.5,0.3,1.0,0.3,0.3,0.0,0.0,rotation,rotation,2025-26,8
1642873,Amari Williams,https://cdn.nba.com/headshots/nba/latest/1040x760/1642873.png,BOS,F-C,24,22,6.6,1.4,0.0,1.8,0.5,0.1,0.5,0.5,rotation,rotation,2025-26,77
1642917,Max Shulga,https://cdn.nba.com/headshots/nba/latest/1040x760/1642917.png,BOS,G,23,11,3.3,0.6,0.25,0.5,0.2,0.1,0.0,0.3,rotation,rotation,2025-26,44
1642851,Kon Knueppel,https://cdn.nba.com/headshots/nba/latest/1040x760/1642851.png,CHA,G-F,20,81,31.5,18.5,0.425,5.3,3.4,0.7,0.2,2.0,rotation,rotation,2025-26,7
1628970,Miles Bridges,https://cdn.nba.com/headshots/nba/latest/1040x760/1628970.png,CHA,F,28,77,31.0,17.1,0.333,5.8,3.2,0.6,0.4,1.4,rotation,rotation,2025-26,0
1641706,Brandon Miller,https://cdn.nba.com/headshots/nba/latest/1040x760/1641706.png,CHA,F,23,65,30.3,20.2,0.383,4.9,3.3,1.0,0.7,2.5,rotation,rotation,2025-26,24
1630163,LaMelo Ball,https://cdn.nba.com/headshots/nba/latest/1040x760/1630163.png,CHA,G,24,72,28.0,20.1,0.368,4.8,7.1,1.2,0.3,2.8,rotation,rotation,2025-26,1
1631217,Moussa Diabaté,https://cdn.nba.com/headshots/nba/latest/1040x760/1631217.png,CHA,F,24,73,26.0,7.9,0.5,8.7,1.9,0.8,1.0,1.0,rotation,rotation,2025-26,14
1629632,Coby White,https://cdn.nba.com/headshots/nba/latest/1040x760/1629632.png,CHA,G,26,50,25.0,17.4,0.362,3.4,4.0,0.5,0.1,2.6,rotation,rotation,2025-26,3
1642883,Sion James,https://cdn.nba.com/headshots/nba/latest/1040x760/1642883.png,CHA,G,23,82,22.5,5.4,0.352,3.5,2.0,0.6,0.2,0.8,rotation,rotation,2025-26,4
1641750,Ryan Kalkbrenner,https://cdn.nba.com/headshots/nba/latest/1040x760/1641750.png,CHA,C,24,69,21.4,7.6,0.0,5.5,0.8,0.5,1.5,0.9,rotation,rotation,2025-26,11
1629684,Grant Williams,https://cdn.nba.com/headshots/nba/latest/1040x760/1629684.png,CHA,F,27,36,19.8,7.0,0.388,3.9,1.6,0.5,0.5,0.9,rotation,rotation,2025-26,2
1630182,Josh Green,https://cdn.nba.com/headshots/nba/latest/1040x760/1630182.png,CHA,G,25,58,15.7,4.3,0.42,1.8,0.8,0.6,0.1,0.6,rotation,rotation,2025-26,10
1642275,Tidjane Salaün,https://cdn.nba.com/headshots/nba/latest/1040x760/1642275.png,CHA,F,20,37,15.6,6.0,0.434,4.0,0.7,0.4,0.2,0.7,rotation,rotation,2025-26,31
1630544,Tre Mann,https://cdn.nba.com/headshots/nba/latest/1040x760/1630544.png,CHA,G,25,53,12.6,5.5,0.323,1.7,1.6,0.5,0.1,1.0,rotation,rotation,2025-26,23
1642862,Liam McNeeley,https://cdn.nba.com/headshots/nba/latest/1040x760/1642862.png,CHA,F,20,31,11.9,4.3,0.4,2.4,0.8,0.2,0.1,0.4,rotation,rotation,2025-26,33
1641790,PJ Hall,https://cdn.nba.com/headshots/nba/latest/1040x760/1641790.png,CHA,C,24,19,11.2,4.5,0.6,3.9,0.5,0.2,0.5,0.8,rotation,rotation,2025-26,16
1626192,Pat Connaughton,https://cdn.nba.com/headshots/nba/latest/1040x760/1626192.png,CHA,G,33,42,7.1,2.6,0.404,1.5,0.4,0.3,0.0,0.3,rotation,rotation,2025-26,21
1641810,Antonio Reeves,https://cdn.nba.com/headshots/nba/latest/1040x760/1641810.png,CHA,G,25,10,6.8,2.7,0.538,0.8,0.3,0.1,0.0,0.1,rotation,rotation,2025-26,12
1630214,Xavier Tillman,https://cdn.nba.com/headshots/nba/latest/1040x760/1630214.png,CHA,F,27,30,6.1,1.5,0.167,1.4,0.4,0.3,0.2,0.3,rotation,rotation,2025-26,26
1641787,Tosan Evbuomwan,https://cdn.nba.com/headshots/nba/latest/1040x760/1641787.png,CHA,F,25,5,1.5,0.0,0.0,0.4,0.0,0.0,0.0,0.0,rotation,rotation,2025-26,20
1630581,Josh Giddey,https://cdn.nba.com/headshots/nba/latest/1040x760/1630581.png,CHI,G,23,54,32.1,17.0,0.364,8.3,9.1,1.0,0.5,3.6,rotation,rotation,2025-26,3
1641824,Matas Buzelis,https://cdn.nba.com/headshots/nba/latest/1040x760/1641824.png,CHI,F,21,77,29.2,16.3,0.349,5.8,2.1,0.7,1.5,2.1,rotation,rotation,2025-26,14
1630200,Tre Jones,https://cdn.nba.com/headshots/nba/latest/1040x760/1630200.png,CHI,G,26,65,27.0,14.1,0.315,3.1,5.4,1.2,0.2,1.4,rotation,rotation,2025-26,30
1630171,Isaac Okoro,https://cdn.nba.com/headshots/nba/latest/1040x760/1630171.png,CHI,F-G,25,63,26.9,9.3,0.33,2.7,1.6,0.7,0.5,0.7,rotation,rotation,2025-26,35
1629014,Anfernee Simons,https://cdn.nba.com/headshots/nba/latest/1040x760/1629014.png,CHI,G,26,55,24.9,14.3,0.385,2.5,2.4,0.5,0.1,1.2,rotation,rotation,2025-26,22
1629012,Collin Sexton,https://cdn.nba.com/headshots/nba/latest/1040x760/1629012.png,CHI,G,27,68,23.7,15.4,0.401,2.3,3.3,1.1,0.1,2.1,rotation,rotation,2025-26,2
1631338,Mouhamadou Gueye,https://cdn.nba.com/headshots/nba/latest/1040x760/1631338.png,CHI,F,27,2,22.7,8.0,0.2,3.0,3.0,1.0,0.5,1.5,rotation,rotation,2025-26,16
1630188,Jalen Smith,https://cdn.nba.com/headshots/nba/latest/1040x760/1630188.png,CHI,F-C,26,53,20.7,10.2,0.373,6.7,1.2,0.5,0.8,1.0,rotation,rotation,2025-26,25
1630172,Patrick Williams,https://cdn.nba.com/headshots/nba/latest/1040x760/1630172.png,CHI,F,24,72,20.5,7.0,0.347,3.0,1.5,0.7,0.4,1.0,rotation,rotation,2025-26,44
1628380,Zach Collins,https://cdn.nba.com/headshots/nba/latest/1040x760/1628380.png,CHI,F-C,28,10,18.4,9.7,0.429,5.6,1.5,0.2,0.4,1.0,rotation,rotation,2025-26,12
1631159,Leonard Miller,https://cdn.nba.com/headshots/nba/latest/1040x760/1631159.png,CHI,F,22,46,15.6,7.8,0.323,3.9,0.9,0.4,0.3,0.8,rotation,rotation,2025-26,11
1627824,Guerschon Yabusele,https://cdn.nba.com/headshots/nba/latest/1040x760/1627824.png,CHI,F,30,67,15.0,5.6,0.352,3.5,0.9,0.4,0.2,0.6,rotation,rotation,2025-26,28
1642265,Rob Dillingham,https://cdn.nba.com/headshots/nba/latest/1040x760/1642265.png,CHI,G,21,65,14.9,6.3,0.316,2.0,2.2,0.7,0.1,1.5,rotation,rotation,2025-26,7
1630208,Nick Richards,https://cdn.nba.com/headshots/nba/latest/1040x760/1630208.png,CHI,C,28,48,14.6,5.8,0.278,5.1,0.3,0.2,0.7,1.2,rotation,rotation,2025-26,13
1630644,Mac McClung,https://cdn.nba.com/headshots/nba/latest/1040x760/1630644.png,CHI,G,27,11,12.3,6.1,0.233,0.9,0.9,1.0,0.3,0.8,rotation,rotation,2025-26,5
1642530,Yuki Kawamura,https://cdn.nba.com/headshots/nba/latest/1040x760/1642530.png,CHI,G,24,18,11.6,3.4,0.297,1.8,2.6,0.5,0.0,0.8,rotation,rotation,2025-26,8
1642950,Lachlan Olbrich,https://cdn.nba.com/headshots/nba/latest/1040x760/1642950.png,CHI,C,22,37,9.3,2.4,0.105,3.0,1.1,0.3,0.2,0.4,rotation,rotation,2025-26,47
1642855,Noa Essengue,https://cdn.nba.com/headshots/nba/latest/1040x760/1642855.png,CHI,F,19,2,3.0,0.0,0.0,0.0,0.0,0.5,0.0,0.0,rotation,rotation,2025-26,24
201935,James Harden,https://cdn.nba.com/headshots/nba/latest/1040x760/201935.png,CLE,G,36,70,34.8,23.6,0.375,4.8,8.0,1.1,0.4,3.5,rotation,rotation,2025-26,1
1628378,Donovan Mitchell,https://cdn.nba.com/headshots/nba/latest/1040x760/1628378.png,CLE,G,29,70,33.5,27.9,0.364,4.5,5.7,1.5,0.3,2.8,rotation,rotation,2025-26,45
1630596,Evan Mobley,https://cdn.nba.com/headshots/nba/latest/1040x760/1630596.png,CLE,C,24,65,31.9,18.2,0.297,9.0,3.6,0.7,1.7,1.9,rotation,rotation,2025-26,4
1628386,Jarrett Allen,https://cdn.nba.com/headshots/nba/latest/1040x760/1628386.png,CLE,C,28,56,27.1,15.4,0.1,8.5,1.8,1.0,0.8,1.3,rotation,rotation,2025-26,31
1642281,Jaylon Tyson,https://cdn.nba.com/headshots/nba/latest/1040x760/1642281.png,CLE,G-F,23,66,26.9,13.2,0.446,5.1,2.2,0.8,0.4,1.5,rotation,rotation,2025-26,20
1630241,Sam Merrill,https://cdn.nba.com/headshots/nba/latest/1040x760/1630241.png,CLE,G,29,52,26.5,12.8,0.421,2.6,2.4,0.6,0.1,0.8,rotation,rotation,2025-26,5
203471,Dennis Schröder,https://cdn.nba.com/headshots/nba/latest/1040x760/203471.png,CLE,G,32,70,24.2,10.8,0.329,2.7,4.9,0.8,0.2,1.8,rotation,rotation,2025-26,8
1629622,Max Strus,https://cdn.nba.com/headshots/nba/latest/1040x760/1629622.png,CLE,G-F,30,12,24.0,11.2,0.402,5.4,2.0,0.3,0.0,0.8,rotation,rotation,2025-26,2
1629731,Dean Wade,https://cdn.nba.com/headshots/nba/latest/1040x760/1629731.png,CLE,F-C,29,59,22.3,5.8,0.362,4.2,1.5,0.7,0.4,0.3,rotation,rotation,2025-26,32
1631165,Keon Ellis,https://cdn.nba.com/headshots/nba/latest/1040x760/1631165.png,CLE,G,26,72,20.5,6.7,0.363,1.9,1.0,1.2,0.6,0.6,rotation,rotation,2025-26,14
1641854,Craig Porter Jr.,https://cdn.nba.com/headshots/nba/latest/1040x760/1641854.png,CLE,G,26,64,17.9,4.5,0.355,3.4,3.2,0.9,0.6,0.9,rotation,rotation,2025-26,9
1641772,Nae'Qwan Tomlin,https://cdn.nba.com/headshots/nba/latest/1040x760/1641772.png,CLE,F,25,64,15.7,5.8,0.235,2.9,0.8,0.6,0.5,0.5,rotation,rotation,2025-26,35
1626204,Larry Nance Jr.,https://cdn.nba.com/headshots/nba/latest/1040x760/1626204.png,CLE,F-C,33,35,12.8,3.7,0.333,2.7,1.0,0.6,0.2,0.6,rotation,rotation,2025-26,22
1628418,Thomas Bryant,https://cdn.nba.com/headshots/nba/latest/1040x760/1628418.png,CLE,C-F,28,60,12.2,6.2,0.359,3.4,0.6,0.3,0.4,0.5,rotation,rotation,2025-26,3
1642878,Tyrese Proctor,https://cdn.nba.com/headshots/nba/latest/1040x760/1642878.png,CLE,G,22,50,10.9,5.4,0.351,1.3,1.5,0.5,0.0,0.8,rotation,rotation,2025-26,24
1630846,Olivier Sarr,https://cdn.nba.com/headshots/nba/latest/1040x760/1630846.png,CLE,C,27,4,9.8,3.5,0.667,2.8,1.3,0.5,0.8,0.5,rotation,rotation,2025-26,33
1642400,Tristan Enaruna,https://cdn.nba.com/headshots/nba/latest/1040x760/1642400.png,CLE,F,24,9,9.5,4.1,0.3,1.6,0.8,0.6,0.0,0.3,rotation,rotation,2025-26,21
1642434,Riley Minix,https://cdn.nba.com/headshots/nba/latest/1040x760/1642434.png,CLE,F,25,9,6.5,3.9,0.333,0.7,0.6,0.2,0.1,0.3,rotation,rotation,2025-26,12
1642843,Cooper Flagg,https://cdn.nba.com/headshots/nba/latest/1040x760/1642843.png,DAL,F,19,70,33.5,21.0,0.295,6.7,4.5,1.2,0.9,2.3,rotation,rotation,2025-26,32
1629023,P.J. Washington,https://cdn.nba.com/headshots/nba/latest/1040x760/1629023.png,DAL,F,27,56,31.0,14.2,0.325,7.0,1.8,1.0,1.1,1.7,rotation,rotation,2025-26,25
1630230,Naji Marshall,https://cdn.nba.com/headshots/nba/latest/1040x760/1630230.png,DAL,F,28,74,29.5,15.2,0.291,4.7,3.3,1.1,0.1,1.6,rotation,rotation,2025-26,13
1631108,Max Christie,https://cdn.nba.com/headshots/nba/latest/1040x760/1631108.png,DAL,G,23,77,29.1,12.3,0.404,3.2,2.0,0.6,0.4,1.2,rotation,rotation,2025-26,00
203114,Khris Middleton,https://cdn.nba.com/headshots/nba/latest/1040x760/203114.png,DAL,F,34,63,22.8,10.2,0.36,3.7,2.8,0.7,0.1,1.7,rotation,rotation,2025-26,20
1630314,Brandon Williams,https://cdn.nba.com/headshots/nba/latest/1040x760/1630314.png,DAL,G,26,66,22.2,13.0,0.232,2.9,3.9,0.9,0.3,1.9,rotation,rotation,2025-26,10
1629655,Daniel Gafford,https://cdn.nba.com/headshots/nba/latest/1040x760/1629655.png,DAL,F-C,27,55,21.7,9.5,0.0,6.9,1.1,0.8,1.3,1.1,rotation,rotation,2025-26,21
202691,Klay Thompson,https://cdn.nba.com/headshots/nba/latest/1040x760/202691.png,DAL,G,36,69,21.7,11.7,0.383,2.1,1.4,0.5,0.3,0.9,rotation,rotation,2025-26,31
1628963,Marvin Bagley III,https://cdn.nba.com/headshots/nba/latest/1040x760/1628963.png,DAL,F,27,60,20.0,10.5,0.462,6.1,1.4,0.5,0.7,1.0,rotation,rotation,2025-26,35
1642967,John Poulakidas,https://cdn.nba.com/headshots/nba/latest/1040x760/1642967.png,DAL,G,23,13,19.5,8.8,0.403,2.3,0.8,0.5,0.3,0.3,rotation,rotation,2025-26,
1642948,Ryan Nembhard,https://cdn.nba.com/headshots/nba/latest/1040x760/1642948.png,DAL,G,23,60,19.5,6.6,0.356,2.2,5.3,0.4,0.0,1.4,rotation,rotation,2025-26,9
1641726,Dereck Lively II,https://cdn.nba.com/headshots/nba/latest/1040x760/1641726.png,DAL,C,22,7,16.5,4.3,0.0,5.3,1.9,0.6,1.6,1.4,rotation,rotation,2025-26,2
1628997,Caleb Martin,https://cdn.nba.com/headshots/nba/latest/1040x760/1628997.png,DAL,F,30,58,14.8,3.9,0.351,2.5,1.4,0.7,0.3,0.7,rotation,rotation,2025-26,16
203939,Dwight Powell,https://cdn.nba.com/headshots/nba/latest/1040x760/203939.png,DAL,F-C,34,63,14.4,3.3,0.286,4.1,1.1,0.5,0.3,0.7,rotation,rotation,2025-26,7
1630619,Moussa Cisse,https://cdn.nba.com/headshots/nba/latest/1040x760/1630619.png,DAL,C,23,38,13.9,4.5,0.0,5.7,0.2,0.5,1.2,0.8,rotation,rotation,2025-26,30
1641890,Tyler Smith,https://cdn.nba.com/headshots/nba/latest/1040x760/1641890.png,DAL,F,21,12,13.8,4.7,0.286,2.8,0.4,0.5,0.0,0.5,rotation,rotation,2025-26,21
1642358,AJ Johnson,https://cdn.nba.com/headshots/nba/latest/1040x760/1642358.png,DAL,G,21,48,9.4,3.3,0.211,1.1,1.0,0.2,0.1,0.6,rotation,rotation,2025-26,8
202681,Kyrie Irving,https://cdn.nba.com/headshots/nba/latest/1040x760/202681.png,DAL,G,34,0,0.0,0.0,0.0,0.0,0.0,0.0,0.0,0.0,rotation,rotation,2025-26,11
1627750,Jamal Murray,https://cdn.nba.com/headshots/nba/latest/1040x760/1627750.png,DEN,G,29,75,35.4,25.4,0.435,4.4,7.1,0.9,0.4,2.3,rotation,rotation,2025-26,27
203999,Nikola Jokić,https://cdn.nba.com/headshots/nba/latest/1040x760/203999.png,DEN,C,31,65,34.8,27.7,0.38,12.9,10.7,1.4,0.8,3.7,rotation,rotation,2025-26,15
1631128,Christian Braun,https://cdn.nba.com/headshots/nba/latest/1040x760/1631128.png,DEN,G,25,44,31.8,12.0,0.301,4.8,2.7,0.7,0.3,1.0,rotation,rotation,2025-26,0
1629661,Cameron Johnson,https://cdn.nba.com/headshots/nba/latest/1040x760/1629661.png,DEN,F,30,54,30.5,12.2,0.43,3.8,2.4,0.7,0.4,0.9,rotation,rotation,2025-26,23
1631212,Peyton Watson,https://cdn.nba.com/headshots/nba/latest/1040x760/1631212.png,DEN,G,23,54,29.6,14.6,0.411,4.9,2.1,0.9,1.1,1.7,rotation,rotation,2025-26,8
203932,Aaron Gordon,https://cdn.nba.com/headshots/nba/latest/1040x760/203932.png,DEN,F,30,36,27.9,16.2,0.389,5.8,2.7,0.6,0.3,1.1,rotation,rotation,2025-26,32
203501,Tim Hardaway Jr.,https://cdn.nba.com/headshots/nba/latest/1040x760/203501.png,DEN,G-F,34,80,26.6,13.5,0.407,2.6,1.4,0.5,0.1,0.5,rotation,rotation,2025-26,10
1628971,Bruce Brown,https://cdn.nba.com/headshots/nba/latest/1040x760/1628971.png,DEN,G-F,29,82,24.4,7.9,0.385,3.9,2.1,1.0,0.2,1.1,rotation,rotation,2025-26,11
1642461,Spencer Jones,https://cdn.nba.com/headshots/nba/latest/1040x760/1642461.png,DEN,F,24,64,22.1,5.5,0.396,3.3,0.8,0.8,0.5,0.5,rotation,rotation,2025-26,21
1629618,Jalen Pickett,https://cdn.nba.com/headshots/nba/latest/1040x760/1629618.png,DEN,G,26,50,16.1,5.2,0.386,2.3,2.3,0.3,0.1,0.7,rotation,rotation,2025-26,24
1631124,Julian Strawther,https://cdn.nba.com/headshots/nba/latest/1040x760/1631124.png,DEN,G,24,57,15.1,7.2,0.387,2.0,1.1,0.4,0.1,0.6,rotation,rotation,2025-26,3
1631223,David Roddy,https://cdn.nba.com/headshots/nba/latest/1040x760/1631223.png,DEN,F,25,5,14.6,8.0,0.273,4.0,0.8,0.8,0.2,0.4,rotation,rotation,2025-26,45
1626145,Tyus Jones,https://cdn.nba.com/headshots/nba/latest/1040x760/1626145.png,DEN,G,29,67,14.6,3.0,0.292,1.1,2.4,0.6,0.0,0.4,rotation,rotation,2025-26,5
202685,Jonas Valančiūnas,https://cdn.nba.com/headshots/nba/latest/1040x760/202685.png,DEN,C,33,65,13.4,8.7,0.308,5.1,1.2,0.2,0.6,1.1,rotation,rotation,2025-26,17
1642354,KJ Simpson,https://cdn.nba.com/headshots/nba/latest/1040x760/1642354.png,DEN,G,23,20,12.9,4.6,0.3,1.9,2.2,0.8,0.0,1.3,rotation,rotation,2025-26,25
1630192,Zeke Nnaji,https://cdn.nba.com/headshots/nba/latest/1040x760/1630192.png,DEN,F-C,25,52,12.0,3.7,0.259,2.6,0.6,0.3,0.5,0.5,rotation,rotation,2025-26,22
1642938,Curtis Jones,https://cdn.nba.com/headshots/nba/latest/1040x760/1642938.png,DEN,G,24,10,8.8,2.9,0.333,1.1,1.0,0.4,0.0,0.2,rotation,rotation,2025-26,1
1641747,DaRon Holmes II,https://cdn.nba.com/headshots/nba/latest/1040x760/1641747.png,DEN,F,23,25,8.4,3.7,0.444,1.4,0.6,0.0,0.2,0.5,rotation,rotation,2025-26,14
1630595,Cade Cunningham,https://cdn.nba.com/headshots/nba/latest/1040x760/1630595.png,DET,G,24,64,33.9,23.9,0.342,5.5,9.9,1.4,0.8,3.7,rotation,rotation,2025-26,2
1631105,Jalen Duren,https://cdn.nba.com/headshots/nba/latest/1040x760/1631105.png,DET,C,22,70,28.2,19.5,0.0,10.5,2.0,0.8,0.8,1.9,rotation,rotation,2025-26,0
202699,Tobias Harris,https://cdn.nba.com/headshots/nba/latest/1040x760/202699.png,DET,F,33,63,27.7,13.3,0.368,5.1,2.5,0.9,0.4,1.0,rotation,rotation,2025-26,12
1629130,Duncan Robinson,https://cdn.nba.com/headshots/nba/latest/1040x760/1629130.png,DET,F,31,77,27.4,12.2,0.41,2.7,2.1,0.6,0.3,0.7,rotation,rotation,2025-26,55
1641709,Ausar Thompson,https://cdn.nba.com/headshots/nba/latest/1040x760/1641709.png,DET,G-F,23,73,26.0,9.9,0.25,5.7,3.1,2.0,0.9,1.5,rotation,rotation,2025-26,9
1630191,Isaiah Stewart,https://cdn.nba.com/headshots/nba/latest/1040x760/1630191.png,DET,F-C,24,58,22.7,10.0,0.333,5.0,1.1,0.3,1.6,1.2,rotation,rotation,2025-26,28
1628989,Kevin Huerter,https://cdn.nba.com/headshots/nba/latest/1040x760/1628989.png,DET,G-F,27,69,22.5,10.0,0.308,3.5,2.6,0.9,0.5,1.0,rotation,rotation,2025-26,27
1642450,Daniss Jenkins,https://cdn.nba.com/headshots/nba/latest/1040x760/1642450.png,DET,G,24,72,20.2,9.3,0.374,2.3,3.9,0.9,0.2,1.6,rotation,rotation,2025-26,24
1641842,Ronald Holland II,https://cdn.nba.com/headshots/nba/latest/1040x760/1641842.png,DET,F,20,78,19.9,8.2,0.253,4.0,1.2,1.2,0.3,1.2,rotation,rotation,2025-26,5
1627747,Caris LeVert,https://cdn.nba.com/headshots/nba/latest/1040x760/1627747.png,DET,G,31,60,19.2,7.4,0.333,2.0,2.7,0.9,0.7,1.4,rotation,rotation,2025-26,8
1629750,Javonte Green,https://cdn.nba.com/headshots/nba/latest/1040x760/1629750.png,DET,G,32,82,17.6,6.9,0.381,2.8,0.7,1.2,0.3,0.5,rotation,rotation,2025-26,31
1630194,Paul Reed,https://cdn.nba.com/headshots/nba/latest/1040x760/1630194.png,DET,F,26,65,13.9,7.8,0.325,4.5,1.2,0.9,0.9,0.9,rotation,rotation,2025-26,7
1631204,Marcus Sasser,https://cdn.nba.com/headshots/nba/latest/1040x760/1631204.png,DET,G,25,38,12.0,5.2,0.415,1.0,2.0,0.5,0.1,0.8,rotation,rotation,2025-26,25
1631111,Wendell Moore Jr.,https://cdn.nba.com/headshots/nba/latest/1040x760/1631111.png,DET,G,24,6,9.9,1.7,0.0,1.0,0.7,0.3,0.3,0.2,rotation,rotation,2025-26,14
1642449,Tolu Smith,https://cdn.nba.com/headshots/nba/latest/1040x760/1642449.png,DET,F,25,15,9.2,3.7,0.0,3.3,0.9,0.1,0.4,0.5,rotation,rotation,2025-26,35
1642404,Chaz Lanier,https://cdn.nba.com/headshots/nba/latest/1040x760/1642404.png,DET,G,24,34,7.7,2.4,0.284,0.7,0.5,0.2,0.0,0.1,rotation,rotation,2025-26,20
1642403,Isaac Jones,https://cdn.nba.com/headshots/nba/latest/1040x760/1642403.png,DET,F,25,7,5.1,1.3,0.0,0.7,0.1,0.0,0.1,0.1,rotation,rotation,2025-26,3
202710,Jimmy Butler III,https://cdn.nba.com/headshots/nba/latest/1040x760/202710.png,GSW,F,36,38,31.1,20.0,0.376,5.6,4.9,1.4,0.2,1.6,rotation,rotation,2025-26,10
201939,Stephen Curry,https://cdn.nba.com/headshots/nba/latest/1040x760/201939.png,GSW,G,38,43,30.9,26.6,0.393,3.6,4.7,1.1,0.4,2.8,rotation,rotation,2025-26,30
1641764,Brandin Podziemski,https://cdn.nba.com/headshots/nba/latest/1040x760/1641764.png,GSW,G,23,82,28.4,13.8,0.371,5.1,3.7,1.1,0.2,1.6,rotation,rotation,2025-26,2
203110,Draymond Green,https://cdn.nba.com/headshots/nba/latest/1040x760/203110.png,GSW,F,36,68,27.5,8.4,0.326,5.5,5.5,0.9,0.6,2.7,rotation,rotation,2025-26,23
1630541,Moses Moody,https://cdn.nba.com/headshots/nba/latest/1040x760/1630541.png,GSW,G,23,60,25.7,12.1,0.401,3.3,1.6,1.0,0.6,1.0,rotation,rotation,2025-26,4
204001,Kristaps Porziņģis,https://cdn.nba.com/headshots/nba/latest/1040x760/204001.png,GSW,F-C,30,32,24.0,16.7,0.338,5.2,2.5,0.6,1.2,1.3,rotation,rotation,2025-26,7
1629001,De'Anthony Melton,https://cdn.nba.com/headshots/nba/latest/1040x760/1629001.png,GSW,G,27,49,23.0,12.3,0.294,3.2,2.6,1.6,0.4,1.9,rotation,rotation,2025-26,8
201143,Al Horford,https://cdn.nba.com/headshots/nba/latest/1040x760/201143.png,GSW,C-F,39,45,21.5,8.3,0.361,4.9,2.6,0.7,1.1,0.9,rotation,rotation,2025-26,20
1630611,Gui Santos,https://cdn.nba.com/headshots/nba/latest/1040x760/1630611.png,GSW,F,23,68,20.5,9.2,0.351,3.9,2.3,0.9,0.3,1.5,rotation,rotation,2025-26,15
1642954,Will Richard,https://cdn.nba.com/headshots/nba/latest/1040x760/1642954.png,GSW,G,23,69,20.0,6.4,0.335,2.5,1.3,1.2,0.1,0.8,rotation,rotation,2025-26,3
1630311,Pat Spencer,https://cdn.nba.com/headshots/nba/latest/1040x760/1630311.png,GSW,G,29,66,18.6,7.2,0.357,2.4,3.5,0.7,0.1,1.3,rotation,rotation,2025-26,61
1642366,Quinten Post,https://cdn.nba.com/headshots/nba/latest/1040x760/1642366.png,GSW,C,26,67,17.3,7.7,0.336,4.0,1.4,0.4,0.5,0.8,rotation,rotation,2025-26,21
1631466,Nate Williams,https://cdn.nba.com/headshots/nba/latest/1040x760/1631466.png,GSW,G,27,14,17.1,8.0,0.433,2.1,1.0,0.4,0.0,1.1,rotation,rotation,2025-26,19
1643018,LJ Cryer,https://cdn.nba.com/headshots/nba/latest/1040x760/1643018.png,GSW,G,24,18,16.2,8.2,0.394,1.6,1.0,0.2,0.0,0.8,rotation,rotation,2025-26,18
1627780,Gary Payton II,https://cdn.nba.com/headshots/nba/latest/1040x760/1627780.png,GSW,G,33,73,15.6,7.5,0.291,3.6,1.7,0.9,0.3,0.8,rotation,rotation,2025-26,0
203552,Seth Curry,https://cdn.nba.com/headshots/nba/latest/1040x760/203552.png,GSW,G,35,10,13.3,7.1,0.48,1.2,1.0,0.3,0.0,0.2,rotation,rotation,2025-26,31
1629646,Charles Bassey,https://cdn.nba.com/headshots/nba/latest/1040x760/1629646.png,GSW,C-F,25,13,11.7,5.8,0.0,4.4,0.5,0.3,0.8,0.5,rotation,rotation,2025-26,28
1642502,Malevy Leons,https://cdn.nba.com/headshots/nba/latest/1040x760/1642502.png,GSW,F,26,25,11.1,3.3,0.25,2.1,0.9,0.6,0.4,0.5,rotation,rotation,2025-26,33
1641708,Amen Thompson,https://cdn.nba.com/headshots/nba/latest/1040x760/1641708.png,HOU,G-F,23,79,37.4,18.3,0.216,7.8,5.3,1.5,0.6,2.4,rotation,rotation,2025-26,1
201142,Kevin Durant,https://cdn.nba.com/headshots/nba/latest/1040x760/201142.png,HOU,F,37,78,36.4,26.0,0.413,5.5,4.8,0.8,0.9,3.2,rotation,rotation,2025-26,7
1631095,Jabari Smith Jr.,https://cdn.nba.com/headshots/nba/latest/1040x760/1631095.png,HOU,F,22,77,35.1,15.8,0.363,6.9,1.9,0.7,0.9,1.4,rotation,rotation,2025-26,10
1630578,Alperen Sengun,https://cdn.nba.com/headshots/nba/latest/1040x760/1630578.png,HOU,C,23,72,33.3,20.4,0.305,8.9,6.2,1.2,1.1,3.2,rotation,rotation,2025-26,28
1642263,Reed Sheppard,https://cdn.nba.com/headshots/nba/latest/1040x760/1642263.png,HOU,G,21,82,26.2,13.5,0.394,2.9,3.4,1.5,0.7,1.5,rotation,rotation,2025-26,15
1631106,Tari Eason,https://cdn.nba.com/headshots/nba/latest/1040x760/1631106.png,HOU,F,24,60,25.8,10.5,0.358,6.3,1.5,1.2,0.5,1.4,rotation,rotation,2025-26,17
203500,Steven Adams,https://cdn.nba.com/headshots/nba/latest/1040x760/203500.png,HOU,C,32,32,22.8,5.8,0.0,8.6,1.5,0.7,0.6,1.1,rotation,rotation,2025-26,12
1629006,Josh Okogie,https://cdn.nba.com/headshots/nba/latest/1040x760/1629006.png,HOU,G,27,78,17.4,4.5,0.385,2.6,0.9,0.8,0.2,0.5,rotation,rotation,2025-26,20
1627827,Dorian Finney-Smith,https://cdn.nba.com/headshots/nba/latest/1040x760/1627827.png,HOU,F,32,37,16.8,3.3,0.27,2.5,1.0,0.4,0.2,0.6,rotation,rotation,2025-26,2
1628988,Aaron Holiday,https://cdn.nba.com/headshots/nba/latest/1040x760/1628988.png,HOU,G,29,57,13.7,5.5,0.394,1.0,1.1,0.5,0.1,0.7,rotation,rotation,2025-26,0
203991,Clint Capela,https://cdn.nba.com/headshots/nba/latest/1040x760/203991.png,HOU,C,31,75,12.3,3.8,0.5,4.6,0.7,0.5,0.8,0.5,rotation,rotation,2025-26,30
1641803,Tristen Newton,https://cdn.nba.com/headshots/nba/latest/1040x760/1641803.png,HOU,G,24,1,12.0,12.0,0.4,3.0,0.0,1.0,0.0,0.0,rotation,rotation,2025-26,13
1630256,Jae'Sean Tate,https://cdn.nba.com/headshots/nba/latest/1040x760/1630256.png,HOU,F,30,46,8.8,2.8,0.313,1.6,0.5,0.2,0.1,0.3,rotation,rotation,2025-26,8
1631120,JD Davison,https://cdn.nba.com/headshots/nba/latest/1040x760/1631120.png,HOU,G,23,28,7.8,2.5,0.25,1.2,1.3,0.2,0.2,0.3,rotation,rotation,2025-26,4
1642384,Isaiah Crawford,https://cdn.nba.com/headshots/nba/latest/1040x760/1642384.png,HOU,F,24,14,6.6,2.0,0.231,1.1,0.4,0.1,0.2,0.3,rotation,rotation,2025-26,27
201145,Jeff Green,https://cdn.nba.com/headshots/nba/latest/1040x760/201145.png,HOU,F,39,30,5.8,2.2,0.273,0.8,0.3,0.1,0.1,0.1,rotation,rotation,2025-26,32
1627832,Fred VanVleet,https://cdn.nba.com/headshots/nba/latest/1040x760/1627832.png,HOU,G,32,0,0.0,0.0,0.0,0.0,0.0,0.0,0.0,0.0,rotation,rotation,2025-26,5
1627783,Pascal Siakam,https://cdn.nba.com/headshots/nba/latest/1040x760/1627783.png,IND,F,32,62,33.2,24.0,0.358,6.6,3.8,1.1,0.4,2.2,rotation,rotation,2025-26,43
1629614,Andrew Nembhard,https://cdn.nba.com/headshots/nba/latest/1040x760/1629614.png,IND,G-F,26,57,31.3,16.9,0.361,2.8,7.7,0.9,0.1,2.4,rotation,rotation,2025-26,2
1627826,Ivica Zubac,https://cdn.nba.com/headshots/nba/latest/1040x760/1627826.png,IND,C,29,48,30.1,14.1,0.0,10.6,2.2,0.4,0.8,1.8,rotation,rotation,2025-26,40
1630174,Aaron Nesmith,https://cdn.nba.com/headshots/nba/latest/1040x760/1630174.png,IND,G-F,26,45,29.7,13.8,0.379,4.2,1.9,0.6,0.5,1.4,rotation,rotation,2025-26,23
1641716,Jarace Walker,https://cdn.nba.com/headshots/nba/latest/1040x760/1641716.png,IND,F,22,76,25.7,11.6,0.374,5.1,2.5,0.8,0.3,1.8,rotation,rotation,2025-26,5
1641771,Jalen Slawson,https://cdn.nba.com/headshots/nba/latest/1040x760/1641771.png,IND,F,26,13,23.9,7.3,0.375,4.4,2.8,1.5,1.1,1.3,rotation,rotation,2025-26,18
1641767,Ben Sheppard,https://cdn.nba.com/headshots/nba/latest/1040x760/1641767.png,IND,G,24,65,21.4,7.1,0.362,3.0,1.8,0.6,0.1,0.6,rotation,rotation,2025-26,26
1630643,Jay Huff,https://cdn.nba.com/headshots/nba/latest/1040x760/1630643.png,IND,C,28,82,21.0,9.5,0.319,4.0,1.5,0.5,1.9,0.9,rotation,rotation,2025-26,32
1630679,Ethan Thompson,https://cdn.nba.com/headshots/nba/latest/1040x760/1630679.png,IND,G,26,32,20.4,7.0,0.328,2.2,1.8,0.6,0.3,0.8,rotation,rotation,2025-26,55
1630695,Micah Potter,https://cdn.nba.com/headshots/nba/latest/1040x760/1630695.png,IND,C,28,47,19.3,9.7,0.423,5.0,1.5,0.5,0.3,1.0,rotation,rotation,2025-26,11
1642277,Johnny Furphy,https://cdn.nba.com/headshots/nba/latest/1040x760/1642277.png,IND,G,21,35,18.4,5.1,0.324,4.4,1.2,0.6,0.2,0.8,rotation,rotation,2025-26,12
1631245,Quenton Jackson,https://cdn.nba.com/headshots/nba/latest/1040x760/1631245.png,IND,G,27,49,18.3,9.1,0.356,2.3,2.9,0.6,0.1,1.3,rotation,rotation,2025-26,29
1630167,Obi Toppin,https://cdn.nba.com/headshots/nba/latest/1040x760/1630167.png,IND,F,28,24,17.7,11.6,0.352,4.4,2.3,0.5,0.0,1.2,rotation,rotation,2025-26,1
204456,T.J. McConnell,https://cdn.nba.com/headshots/nba/latest/1040x760/204456.png,IND,G,34,56,17.2,9.4,0.32,2.2,5.1,1.0,0.2,1.1,rotation,rotation,2025-26,9
1642880,Kam Jones,https://cdn.nba.com/headshots/nba/latest/1040x760/1642880.png,IND,G,24,37,16.7,4.4,0.293,1.6,3.2,0.5,0.0,1.0,rotation,rotation,2025-26,7
1641738,Kobe Brown,https://cdn.nba.com/headshots/nba/latest/1040x760/1641738.png,IND,F,26,61,15.8,5.8,0.374,3.0,1.3,0.4,0.2,0.9,rotation,rotation,2025-26,24
1643007,Taelon Peter,https://cdn.nba.com/headshots/nba/latest/1040x760/1643007.png,IND,G,24,38,13.0,4.5,0.328,1.6,1.1,0.7,0.1,0.7,rotation,rotation,2025-26,4
1630169,Tyrese Haliburton,https://cdn.nba.com/headshots/nba/latest/1040x760/1630169.png,IND,G,26,0,0.0,0.0,0.0,0.0,0.0,0.0,0.0,0.0,rotation,rotation,2025-26,0
202695,Kawhi Leonard,https://cdn.nba.com/headshots/nba/latest/1040x760/202695.png,LAC,F,34,65,32.1,27.9,0.387,6.4,3.6,1.9,0.4,2.0,rotation,rotation,2025-26,2
1631097,Bennedict Mathurin,https://cdn.nba.com/headshots/nba/latest/1040x760/1631097.png,LAC,G-F,23,54,30.0,17.6,0.315,5.4,2.4,0.8,0.2,2.2,rotation,rotation,2025-26,9
1629636,Darius Garland,https://cdn.nba.com/headshots/nba/latest/1040x760/1629636.png,LAC,G,26,45,29.9,18.8,0.396,2.4,6.7,1.0,0.2,2.9,rotation,rotation,2025-26,10
1627739,Kris Dunn,https://cdn.nba.com/headshots/nba/latest/1040x760/1627739.png,LAC,G,32,82,27.2,7.3,0.374,3.3,3.6,1.6,0.2,1.4,rotation,rotation,2025-26,8
1628381,John Collins,https://cdn.nba.com/headshots/nba/latest/1040x760/1628381.png,LAC,F-C,28,69,27.1,13.6,0.406,5.3,1.0,0.9,0.7,1.4,rotation,rotation,2025-26,20
1627884,Derrick Jones Jr.,https://cdn.nba.com/headshots/nba/latest/1040x760/1627884.png,LAC,F,29,50,27.0,10.1,0.359,3.5,1.4,0.9,1.0,0.8,rotation,rotation,2025-26,5
1641757,Jordan Miller,https://cdn.nba.com/headshots/nba/latest/1040x760/1641757.png,LAC,G,26,60,22.1,10.0,0.345,3.0,2.3,0.8,0.2,1.1,rotation,rotation,2025-26,22
201572,Brook Lopez,https://cdn.nba.com/headshots/nba/latest/1040x760/201572.png,LAC,C,38,75,21.8,8.5,0.36,3.6,1.3,0.6,1.2,0.8,rotation,rotation,2025-26,11
203078,Bradley Beal,https://cdn.nba.com/headshots/nba/latest/1040x760/203078.png,LAC,G,32,6,20.2,8.2,0.368,0.8,1.7,0.5,0.0,1.5,rotation,rotation,2025-26,0
1642920,Kobe Sanders,https://cdn.nba.com/headshots/nba/latest/1040x760/1642920.png,LAC,G,23,68,19.9,7.3,0.408,2.3,1.6,0.7,0.1,1.2,rotation,rotation,2025-26,4
203992,Bogdan Bogdanović,https://cdn.nba.com/headshots/nba/latest/1040x760/203992.png,LAC,G,33,23,19.7,7.4,0.347,2.6,2.2,0.4,0.1,1.2,rotation,rotation,2025-26,7
201587,Nicolas Batum,https://cdn.nba.com/headshots/nba/latest/1040x760/201587.png,LAC,G-F,37,74,17.5,4.0,0.404,2.5,0.9,0.6,0.3,0.5,rotation,rotation,2025-26,33
1630543,Isaiah Jackson,https://cdn.nba.com/headshots/nba/latest/1040x760/1630543.png,LAC,F,24,55,16.5,6.7,0.0,5.3,0.9,0.7,0.9,1.1,rotation,rotation,2025-26,23
1642949,Yanic Konan Niederhäuser,https://cdn.nba.com/headshots/nba/latest/1040x760/1642949.png,LAC,C,23,41,10.3,4.3,0.2,2.9,0.3,0.1,0.7,0.6,rotation,rotation,2025-26,14
1642353,Cam Christie,https://cdn.nba.com/headshots/nba/latest/1040x760/1642353.png,LAC,G,20,55,8.7,2.8,0.245,1.4,0.6,0.3,0.1,0.4,rotation,rotation,2025-26,12
1631102,TyTy Washington Jr.,https://cdn.nba.com/headshots/nba/latest/1040x760/1631102.png,LAC,G,24,16,5.5,1.3,0.375,0.4,1.1,0.4,0.2,0.2,rotation,rotation,2025-26,14
1642951,Sean Pedulla,https://cdn.nba.com/headshots/nba/latest/1040x760/1642951.png,LAC,G,23,7,4.4,1.9,0.3,0.4,0.7,0.0,0.0,0.1,rotation,rotation,2025-26,
1641807,Norchad Omier,https://cdn.nba.com/headshots/nba/latest/1040x760/1641807.png,LAC,F,24,6,3.9,2.8,0.0,1.2,0.3,0.2,0.0,0.0,rotation,rotation,2025-26,
1629029,Luka Dončić,https://cdn.nba.com/headshots/nba/latest/1040x760/1629029.png,LAL,F-G,27,64,35.8,33.5,0.366,7.7,8.3,1.6,0.5,4.0,rotation,rotation,2025-26,77
1630559,Austin Reaves,https://cdn.nba.com/headshots/nba/latest/1040x760/1630559.png,LAL,G,27,51,34.5,23.3,0.36,4.7,5.5,1.1,0.4,3.0,rotation,rotation,2025-26,15
2544,LeBron James,https://cdn.nba.com/headshots/nba/latest/1040x760/2544.png,LAL,F,41,60,33.2,20.9,0.317,6.1,7.2,1.2,0.6,3.0,rotation,rotation,2025-26,23
203935,Marcus Smart,https://cdn.nba.com/headshots/nba/latest/1040x760/203935.png,LAL,G,32,62,28.5,9.3,0.331,2.8,3.0,1.4,0.4,1.5,rotation,rotation,2025-26,36
1629060,Rui Hachimura,https://cdn.nba.com/headshots/nba/latest/1040x760/1629060.png,LAL,F,28,68,28.3,11.5,0.443,3.3,0.8,0.6,0.3,0.6,rotation,rotation,2025-26,28
1629028,Deandre Ayton,https://cdn.nba.com/headshots/nba/latest/1040x760/1629028.png,LAL,C,27,72,27.2,12.5,0.0,8.0,0.8,0.6,1.0,1.2,rotation,rotation,2025-26,5
1631222,Jake LaRavia,https://cdn.nba.com/headshots/nba/latest/1040x760/1631222.png,LAL,F,24,82,25.1,8.2,0.321,4.0,1.8,1.3,0.5,1.1,rotation,rotation,2025-26,12
1628379,Luke Kennard,https://cdn.nba.com/headshots/nba/latest/1040x760/1628379.png,LAL,G,29,78,21.5,8.4,0.478,2.3,2.2,0.7,0.1,0.8,rotation,rotation,2025-26,10
1629637,Jaxson Hayes,https://cdn.nba.com/headshots/nba/latest/1040x760/1629637.png,LAL,C-F,25,66,18.3,7.5,1.0,4.1,0.9,0.4,0.8,0.5,rotation,rotation,2025-26,11
1629020,Jarred Vanderbilt,https://cdn.nba.com/headshots/nba/latest/1040x760/1629020.png,LAL,F,27,65,17.3,4.4,0.293,4.5,1.3,0.8,0.3,0.9,rotation,rotation,2025-26,2
1641733,Nick Smith Jr.,https://cdn.nba.com/headshots/nba/latest/1040x760/1641733.png,LAL,G,22,30,12.5,6.2,0.395,0.8,1.0,0.3,0.1,0.7,rotation,rotation,2025-26,20
1628467,Maxi Kleber,https://cdn.nba.com/headshots/nba/latest/1040x760/1628467.png,LAL,F,34,43,10.7,2.0,0.231,2.0,0.6,0.4,0.3,0.4,rotation,rotation,2025-26,14
1642261,Dalton Knecht,https://cdn.nba.com/headshots/nba/latest/1040x760/1642261.png,LAL,F,25,54,10.2,4.2,0.342,1.4,0.4,0.2,0.2,0.4,rotation,rotation,2025-26,4
1642355,Bronny James,https://cdn.nba.com/headshots/nba/latest/1040x760/1642355.png,LAL,G,21,42,8.9,2.9,0.386,0.5,1.2,0.5,0.1,0.6,rotation,rotation,2025-26,9
1631166,Drew Timme,https://cdn.nba.com/headshots/nba/latest/1040x760/1631166.png,LAL,F,25,27,8.7,3.4,0.44,1.2,0.9,0.2,0.0,0.5,rotation,rotation,2025-26,17
1642876,Adou Thiero,https://cdn.nba.com/headshots/nba/latest/1040x760/1642876.png,LAL,G,21,25,6.0,1.9,0.333,1.1,0.4,0.3,0.1,0.4,rotation,rotation,2025-26,1
1643024,Chris Mañon,https://cdn.nba.com/headshots/nba/latest/1040x760/1643024.png,LAL,G,24,9,5.1,0.8,0.0,1.1,0.3,0.6,0.2,0.1,rotation,rotation,2025-26,30
1629630,Ja Morant,https://cdn.nba.com/headshots/nba/latest/1040x760/1629630.png,MEM,G,26,20,28.4,19.5,0.235,3.3,8.1,1.0,0.3,3.6,rotation,rotation,2025-26,12
1630583,Santi Aldama,https://cdn.nba.com/headshots/nba/latest/1040x760/1630583.png,MEM,F-C,25,43,27.9,14.0,0.35,6.7,2.9,0.9,0.7,1.3,rotation,rotation,2025-26,7
1642377,Jaylen Wells,https://cdn.nba.com/headshots/nba/latest/1040x760/1642377.png,MEM,F,22,69,26.4,12.5,0.353,3.2,1.6,0.9,0.1,1.1,rotation,rotation,2025-26,0
1642907,Cedric Coward,https://cdn.nba.com/headshots/nba/latest/1040x760/1642907.png,MEM,G,22,62,25.8,13.6,0.338,5.9,2.8,0.6,0.4,1.7,rotation,rotation,2025-26,23
1641744,Zach Edey,https://cdn.nba.com/headshots/nba/latest/1040x760/1641744.png,MEM,C,23,11,25.8,13.6,0.2,11.1,1.1,0.6,1.9,2.4,rotation,rotation,2025-26,14
1642285,Cam Spencer,https://cdn.nba.com/headshots/nba/latest/1040x760/1642285.png,MEM,G,26,72,23.8,11.1,0.449,2.5,5.6,0.7,0.2,1.3,rotation,rotation,2025-26,24
1629660,Ty Jerome,https://cdn.nba.com/headshots/nba/latest/1040x760/1629660.png,MEM,G-F,28,15,22.6,19.7,0.42,2.8,5.7,1.1,0.3,1.8,rotation,rotation,2025-26,2
1642942,Jahmai Mashack,https://cdn.nba.com/headshots/nba/latest/1040x760/1642942.png,MEM,G,23,31,21.7,6.2,0.253,2.6,2.2,1.2,0.5,1.6,rotation,rotation,2025-26,
1641713,GG Jackson,https://cdn.nba.com/headshots/nba/latest/1040x760/1641713.png,MEM,F,21,55,21.4,12.5,0.332,4.3,1.5,0.6,0.8,1.5,rotation,rotation,2025-26,45
203484,Kentavious Caldwell-Pope,https://cdn.nba.com/headshots/nba/latest/1040x760/203484.png,MEM,G,33,51,21.3,8.4,0.316,2.5,2.7,0.8,0.2,1.2,rotation,rotation,2025-26,3
1630590,Scotty Pippen Jr.,https://cdn.nba.com/headshots/nba/latest/1040x760/1630590.png,MEM,G,25,10,21.2,11.4,0.313,2.2,4.7,1.9,0.4,2.7,rotation,rotation,2025-26,1
1642383,Walter Clayton Jr.,https://cdn.nba.com/headshots/nba/latest/1040x760/1642383.png,MEM,G,23,69,20.4,7.8,0.307,2.0,4.0,0.6,0.3,1.7,rotation,rotation,2025-26,4
1642914,Javon Small,https://cdn.nba.com/headshots/nba/latest/1040x760/1642914.png,MEM,G,23,41,20.2,9.7,0.423,3.1,3.7,0.8,0.2,1.4,rotation,rotation,2025-26,10
1641707,Taylor Hendricks,https://cdn.nba.com/headshots/nba/latest/1040x760/1641707.png,MEM,F,22,59,19.0,7.4,0.342,3.7,0.9,0.8,0.5,0.8,rotation,rotation,2025-26,22
1641765,Olivier-Maxence Prosper,https://cdn.nba.com/headshots/nba/latest/1040x760/1641765.png,MEM,F,23,53,18.6,10.0,0.405,3.5,1.0,0.8,0.2,0.9,rotation,rotation,2025-26,18
1641712,Rayan Rupert,https://cdn.nba.com/headshots/nba/latest/1040x760/1641712.png,MEM,G-F,21,64,16.8,5.2,0.324,2.9,1.1,0.9,0.1,0.9,rotation,rotation,2025-26,21
1629634,Brandon Clarke,https://cdn.nba.com/headshots/nba/latest/1040x760/1629634.png,MEM,F,29,2,10.2,4.0,0.0,3.0,0.5,1.0,0.0,0.0,rotation,rotation,2025-26,15
201959,Taj Gibson,https://cdn.nba.com/headshots/nba/latest/1040x760/201959.png,MEM,F,40,10,9.7,3.4,0.5,2.7,0.6,0.2,0.1,0.1,rotation,rotation,2025-26,67
1628389,Bam Adebayo,https://cdn.nba.com/headshots/nba/latest/1040x760/1628389.png,MIA,C-F,28,73,32.4,20.1,0.318,10.0,3.2,1.2,0.7,1.6,rotation,rotation,2025-26,13
1629639,Tyler Herro,https://cdn.nba.com/headshots/nba/latest/1040x760/1629639.png,MIA,G,26,33,31.3,20.5,0.378,4.8,4.1,0.7,0.4,1.9,rotation,rotation,2025-26,14
203952,Andrew Wiggins,https://cdn.nba.com/headshots/nba/latest/1040x760/203952.png,MIA,F,31,68,30.3,15.4,0.414,4.8,2.7,1.1,1.0,1.5,rotation,rotation,2025-26,22
1626181,Norman Powell,https://cdn.nba.com/headshots/nba/latest/1040x760/1626181.png,MIA,G,32,58,29.6,21.7,0.38,3.5,2.5,1.1,0.2,1.9,rotation,rotation,2025-26,24
1630558,Davion Mitchell,https://cdn.nba.com/headshots/nba/latest/1040x760/1630558.png,MIA,G,27,70,28.6,9.3,0.395,2.7,6.5,1.0,0.2,1.5,rotation,rotation,2025-26,45
1631170,Jaime Jaquez Jr.,https://cdn.nba.com/headshots/nba/latest/1040x760/1631170.png,MIA,G,25,75,28.3,15.4,0.317,5.0,4.7,0.7,0.3,2.0,rotation,rotation,2025-26,11
1641796,Pelle Larsson,https://cdn.nba.com/headshots/nba/latest/1040x760/1641796.png,MIA,G,25,70,26.4,11.4,0.323,3.5,3.4,0.7,0.2,1.4,rotation,rotation,2025-26,9
1642276,Kel'el Ware,https://cdn.nba.com/headshots/nba/latest/1040x760/1642276.png,MIA,C,22,77,22.1,11.1,0.395,9.0,0.7,0.8,1.1,0.8,rotation,rotation,2025-26,7
1642857,Kasparas Jakučionis,https://cdn.nba.com/headshots/nba/latest/1040x760/1642857.png,MIA,G,19,53,17.8,6.2,0.423,2.6,2.6,0.6,0.1,0.9,rotation,rotation,2025-26,25
1631107,Nikola Jović,https://cdn.nba.com/headshots/nba/latest/1040x760/1631107.png,MIA,F,22,47,17.2,7.3,0.269,3.3,2.2,0.6,0.4,1.4,rotation,rotation,2025-26,5
1631323,Simone Fontecchio,https://cdn.nba.com/headshots/nba/latest/1040x760/1631323.png,MIA,F,30,70,16.7,8.5,0.375,3.0,1.4,0.5,0.1,0.7,rotation,rotation,2025-26,0
1630696,Dru Smith,https://cdn.nba.com/headshots/nba/latest/1040x760/1630696.png,MIA,G,28,70,16.3,5.6,0.295,2.5,2.6,1.4,0.3,0.8,rotation,rotation,2025-26,12
1642066,Myron Gardner,https://cdn.nba.com/headshots/nba/latest/1040x760/1642066.png,MIA,F,24,45,9.1,3.6,0.406,2.7,1.0,0.4,0.2,0.4,rotation,rotation,2025-26,15
1642352,Keshad Johnson,https://cdn.nba.com/headshots/nba/latest/1040x760/1642352.png,MIA,F,24,32,8.7,4.3,0.295,1.9,0.3,0.5,0.3,0.4,rotation,rotation,2025-26,16
1642443,Jahmir Young,https://cdn.nba.com/headshots/nba/latest/1040x760/1642443.png,MIA,G,25,14,4.2,1.8,0.333,0.3,0.6,0.1,0.0,0.2,rotation,rotation,2025-26,17
1642884,Vladislav Goldin,https://cdn.nba.com/headshots/nba/latest/1040x760/1642884.png,MIA,C,24,9,2.7,0.8,0.0,1.0,0.3,0.0,0.3,0.3,rotation,rotation,2025-26,50
1631211,Trevor Keels,https://cdn.nba.com/headshots/nba/latest/1040x760/1631211.png,MIA,G,22,8,1.9,1.0,0.222,0.3,0.0,0.1,0.0,0.0,rotation,rotation,2025-26,3
1629645,Kevin Porter Jr.,https://cdn.nba.com/headshots/nba/latest/1040x760/1629645.png,MIL,G-F,25,38,33.2,17.4,0.322,5.2,7.4,2.2,0.5,2.9,rotation,rotation,2025-26,7
1631157,Ryan Rollins,https://cdn.nba.com/headshots/nba/latest/1040x760/1631157.png,MIL,G,23,74,32.1,17.3,0.406,4.6,5.6,1.5,0.4,2.7,rotation,rotation,2025-26,13
1631260,AJ Green,https://cdn.nba.com/headshots/nba/latest/1040x760/1631260.png,MIL,G,26,78,29.1,10.4,0.419,2.7,1.9,0.5,0.1,1.0,rotation,rotation,2025-26,20
203507,Giannis Antetokounmpo,https://cdn.nba.com/headshots/nba/latest/1040x760/203507.png,MIL,F,31,36,28.9,27.6,0.333,9.8,5.4,0.9,0.7,3.2,rotation,rotation,2025-26,34
1626167,Myles Turner,https://cdn.nba.com/headshots/nba/latest/1040x760/1626167.png,MIL,C-F,30,71,26.9,11.9,0.383,5.3,1.5,0.7,1.6,1.2,rotation,rotation,2025-26,3
1628398,Kyle Kuzma,https://cdn.nba.com/headshots/nba/latest/1040x760/1628398.png,MIL,F,30,69,26.2,13.0,0.347,4.5,2.7,0.7,0.4,1.7,rotation,rotation,2025-26,18
1642504,Cormac Ryan,https://cdn.nba.com/headshots/nba/latest/1040x760/1642504.png,MIL,G,27,11,24.6,14.3,0.458,2.5,1.7,1.0,0.3,1.5,rotation,rotation,2025-26,30
1626171,Bobby Portis,https://cdn.nba.com/headshots/nba/latest/1040x760/1626171.png,MIL,F,31,67,24.2,13.7,0.456,6.4,1.6,0.6,0.2,1.0,rotation,rotation,2025-26,9
1627752,Taurean Prince,https://cdn.nba.com/headshots/nba/latest/1040x760/1627752.png,MIL,F,32,26,23.5,9.2,0.436,3.1,1.8,0.6,0.2,1.2,rotation,rotation,2025-26,12
1629018,Gary Trent Jr.,https://cdn.nba.com/headshots/nba/latest/1040x760/1629018.png,MIL,G,27,65,21.2,8.1,0.36,1.0,1.2,0.5,0.0,0.6,rotation,rotation,2025-26,5
1630579,Jericho Sims,https://cdn.nba.com/headshots/nba/latest/1040x760/1630579.png,MIL,C,27,67,19.7,5.0,0.0,5.5,1.6,0.3,0.3,1.1,rotation,rotation,2025-26,00
1631172,Ousmane Dieng,https://cdn.nba.com/headshots/nba/latest/1040x760/1631172.png,MIL,F,22,57,19.3,7.6,0.341,3.2,2.4,0.4,0.3,1.3,rotation,rotation,2025-26,21
1631250,Pete Nance,https://cdn.nba.com/headshots/nba/latest/1040x760/1631250.png,MIL,F,26,47,15.7,5.4,0.42,2.7,1.0,0.3,0.3,0.6,rotation,rotation,2025-26,35
203914,Gary Harris,https://cdn.nba.com/headshots/nba/latest/1040x760/203914.png,MIL,G,31,48,13.8,2.7,0.412,1.3,1.1,0.6,0.2,0.4,rotation,rotation,2025-26,11
1641748,Andre Jackson Jr.,https://cdn.nba.com/headshots/nba/latest/1040x760/1641748.png,MIL,G,24,48,8.5,2.4,0.25,1.5,0.9,0.4,0.1,0.6,rotation,rotation,2025-26,44
203648,Thanasis Antetokounmpo,https://cdn.nba.com/headshots/nba/latest/1040x760/203648.png,MIL,F,33,34,4.4,1.4,0.0,0.9,0.4,0.4,0.2,0.3,rotation,rotation,2025-26,43
1630828,Alex Antetokounmpo,https://cdn.nba.com/headshots/nba/latest/1040x760/1630828.png,MIL,F,24,6,3.4,3.2,0.286,1.0,0.2,0.0,0.2,0.2,rotation,rotation,2025-26,29
1630162,Anthony Edwards,https://cdn.nba.com/headshots/nba/latest/1040x760/1630162.png,MIN,G,24,61,35.0,28.8,0.399,5.0,3.7,1.4,0.8,2.9,rotation,rotation,2025-26,5
203944,Julius Randle,https://cdn.nba.com/headshots/nba/latest/1040x760/203944.png,MIN,F-C,31,79,33.0,21.1,0.315,6.7,5.0,1.1,0.2,2.7,rotation,rotation,2025-26,30
1630183,Jaden McDaniels,https://cdn.nba.com/headshots/nba/latest/1040x760/1630183.png,MIN,F,25,73,31.7,14.8,0.412,4.2,2.7,1.1,1.0,1.8,rotation,rotation,2025-26,3
203497,Rudy Gobert,https://cdn.nba.com/headshots/nba/latest/1040x760/203497.png,MIN,C,33,76,31.3,10.9,0.0,11.5,1.7,0.8,1.6,1.4,rotation,rotation,2025-26,27
1628978,Donte DiVincenzo,https://cdn.nba.com/headshots/nba/latest/1040x760/1628978.png,MIN,G,29,82,30.4,12.2,0.379,4.1,3.8,1.3,0.4,1.4,rotation,rotation,2025-26,0
1630245,Ayo Dosunmu,https://cdn.nba.com/headshots/nba/latest/1040x760/1630245.png,MIN,G,26,69,27.3,14.8,0.439,3.4,3.6,0.8,0.3,1.4,rotation,rotation,2025-26,13
1629675,Naz Reid,https://cdn.nba.com/headshots/nba/latest/1040x760/1629675.png,MIN,C-F,26,77,26.1,13.6,0.362,6.2,2.2,1.0,1.0,1.6,rotation,rotation,2025-26,11
203937,Kyle Anderson,https://cdn.nba.com/headshots/nba/latest/1040x760/203937.png,MIN,F-G,32,43,19.8,6.2,0.364,3.5,2.9,1.0,0.6,0.9,rotation,rotation,2025-26,12
201144,Mike Conley,https://cdn.nba.com/headshots/nba/latest/1040x760/201144.png,MIN,G,38,54,18.4,4.5,0.337,1.7,2.9,0.6,0.3,0.6,rotation,rotation,2025-26,10
1630538,Bones Hyland,https://cdn.nba.com/headshots/nba/latest/1040x760/1630538.png,MIN,G,25,71,16.6,8.5,0.388,1.8,2.6,0.6,0.2,1.0,rotation,rotation,2025-26,8
1641740,Jaylen Clark,https://cdn.nba.com/headshots/nba/latest/1040x760/1641740.png,MIN,G,24,68,13.1,4.0,0.327,1.8,0.6,0.7,0.1,0.3,rotation,rotation,2025-26,22
1630545,Terrence Shannon Jr.,https://cdn.nba.com/headshots/nba/latest/1040x760/1630545.png,MIN,G-F,25,43,12.5,5.6,0.408,1.1,0.9,0.3,0.0,0.6,rotation,rotation,2025-26,1
1642402,Enrique Freeman,https://cdn.nba.com/headshots/nba/latest/1040x760/1642402.png,MIN,F,25,4,9.3,3.3,0.5,2.5,0.5,0.5,0.8,0.5,rotation,rotation,2025-26,25
1641763,Julian Phillips,https://cdn.nba.com/headshots/nba/latest/1040x760/1641763.png,MIN,F,22,48,8.9,2.9,0.308,1.0,0.2,0.5,0.1,0.2,rotation,rotation,2025-26,4
1642389,Zyon Pullin,https://cdn.nba.com/headshots/nba/latest/1040x760/1642389.png,MIN,G,25,5,8.5,4.6,0.333,0.6,1.8,0.2,0.0,0.6,rotation,rotation,2025-26,15
1642866,Joan Beringer,https://cdn.nba.com/headshots/nba/latest/1040x760/1642866.png,MIN,F,19,40,7.9,3.9,0.0,2.3,0.3,0.2,0.7,0.3,rotation,rotation,2025-26,19
1642911,Rocco Zikarsky,https://cdn.nba.com/headshots/nba/latest/1040x760/1642911.png,MIN,C,19,5,7.3,2.8,0.0,2.8,0.4,0.0,1.0,0.2,rotation,rotation,2025-26,44
204060,Joe Ingles,https://cdn.nba.com/headshots/nba/latest/1040x760/204060.png,MIN,F-G,38,27,5.7,1.5,0.438,0.7,1.3,0.3,0.1,0.5,rotation,rotation,2025-26,7
1630530,Trey Murphy III,https://cdn.nba.com/headshots/nba/latest/1040x760/1630530.png,NOP,F,25,66,35.5,21.5,0.379,5.7,3.8,1.5,0.4,1.8,rotation,rotation,2025-26,25
1630180,Saddiq Bey,https://cdn.nba.com/headshots/nba/latest/1040x760/1630180.png,NOP,G-F,27,72,31.2,17.7,0.367,5.6,2.5,0.9,0.1,0.9,rotation,rotation,2025-26,41
1629627,Zion Williamson,https://cdn.nba.com/headshots/nba/latest/1040x760/1629627.png,NOP,F,25,62,29.7,21.0,0.25,5.7,3.2,1.0,0.5,2.0,rotation,rotation,2025-26,1
1630529,Herbert Jones,https://cdn.nba.com/headshots/nba/latest/1040x760/1630529.png,NOP,F,27,56,28.4,8.9,0.309,3.4,2.8,1.6,0.5,1.3,rotation,rotation,2025-26,2
1627749,Dejounte Murray,https://cdn.nba.com/headshots/nba/latest/1040x760/1627749.png,NOP,G,29,14,27.8,16.7,0.306,5.4,6.4,1.6,0.2,3.4,rotation,rotation,2025-26,5
1642490,Josh Oduro,https://cdn.nba.com/headshots/nba/latest/1040x760/1642490.png,NOP,C,25,3,27.3,8.3,0.0,7.7,1.3,0.0,0.0,0.7,rotation,rotation,2025-26,
1642847,Jeremiah Fears,https://cdn.nba.com/headshots/nba/latest/1040x760/1642847.png,NOP,G,19,82,25.8,14.3,0.33,3.7,3.4,1.2,0.4,2.2,rotation,rotation,2025-26,0
1642852,Derik Queen,https://cdn.nba.com/headshots/nba/latest/1040x760/1642852.png,NOP,C,21,81,25.0,11.7,0.261,7.1,3.7,1.0,0.9,2.3,rotation,rotation,2025-26,22
1629673,Jordan Poole,https://cdn.nba.com/headshots/nba/latest/1040x760/1629673.png,NOP,G,26,39,23.9,13.4,0.333,2.0,3.1,0.6,0.4,1.8,rotation,rotation,2025-26,3
1631121,Bryce McGowens,https://cdn.nba.com/headshots/nba/latest/1040x760/1631121.png,NOP,G,23,42,21.0,8.1,0.409,2.1,1.5,0.6,0.2,0.4,rotation,rotation,2025-26,11
1642274,Yves Missi,https://cdn.nba.com/headshots/nba/latest/1040x760/1642274.png,NOP,C,21,66,19.7,5.7,0.0,5.8,1.3,0.3,1.5,0.8,rotation,rotation,2025-26,21
201599,DeAndre Jordan,https://cdn.nba.com/headshots/nba/latest/1040x760/201599.png,NOP,C,37,12,16.6,4.4,0.0,6.3,0.9,0.3,0.8,0.8,rotation,rotation,2025-26,9
1642877,Micah Peavy,https://cdn.nba.com/headshots/nba/latest/1040x760/1642877.png,NOP,G-F,24,61,15.0,4.3,0.259,1.9,1.0,0.7,0.1,0.3,rotation,rotation,2025-26,14
1631255,Karlo Matković,https://cdn.nba.com/headshots/nba/latest/1040x760/1631255.png,NOP,F-C,25,62,14.7,5.7,0.422,3.7,0.8,0.4,0.9,0.5,rotation,rotation,2025-26,17
1626172,Kevon Looney,https://cdn.nba.com/headshots/nba/latest/1040x760/1626172.png,NOP,F,30,21,14.6,2.8,0.154,5.6,1.6,0.4,0.5,0.4,rotation,rotation,2025-26,55
1641722,Jordan Hawkins,https://cdn.nba.com/headshots/nba/latest/1040x760/1641722.png,NOP,G,23,51,13.6,5.1,0.348,1.7,0.8,0.3,0.2,0.7,rotation,rotation,2025-26,24
1641725,Trey Alexander,https://cdn.nba.com/headshots/nba/latest/1040x760/1641725.png,NOP,G,22,9,12.3,5.2,0.5,1.2,1.0,0.7,0.2,0.3,rotation,rotation,2025-26,23
1630621,Hunter Dickinson,https://cdn.nba.com/headshots/nba/latest/1040x760/1630621.png,NOP,C,25,5,8.5,2.4,0.0,1.0,0.4,0.2,0.4,0.6,rotation,rotation,2025-26,4
1628973,Jalen Brunson,https://cdn.nba.com/headshots/nba/latest/1040x760/1628973.png,NYK,G,29,74,35.0,26.0,0.369,3.3,6.8,0.8,0.1,2.4,rotation,rotation,2025-26,11
1628384,OG Anunoby,https://cdn.nba.com/headshots/nba/latest/1040x760/1628384.png,NYK,F-G,28,67,33.2,16.7,0.386,5.2,2.2,1.6,0.7,1.8,rotation,rotation,2025-26,8
1628969,Mikal Bridges,https://cdn.nba.com/headshots/nba/latest/1040x760/1628969.png,NYK,G-F,29,82,32.8,14.4,0.371,3.8,3.7,1.3,0.8,1.0,rotation,rotation,2025-26,25
1626157,Karl-Anthony Towns,https://cdn.nba.com/headshots/nba/latest/1040x760/1626157.png,NYK,C-F,30,75,31.0,20.1,0.368,11.9,3.0,0.9,0.5,2.5,rotation,rotation,2025-26,32
1628404,Josh Hart,https://cdn.nba.com/headshots/nba/latest/1040x760/1628404.png,NYK,G,31,66,30.2,12.0,0.413,7.4,4.8,1.1,0.3,1.9,rotation,rotation,2025-26,3
1630540,Miles McBride,https://cdn.nba.com/headshots/nba/latest/1040x760/1630540.png,NYK,G,25,41,26.3,12.0,0.413,2.4,2.6,0.9,0.2,0.8,rotation,rotation,2025-26,2
1629013,Landry Shamet,https://cdn.nba.com/headshots/nba/latest/1040x760/1629013.png,NYK,G,29,51,23.0,9.3,0.392,1.8,1.4,0.6,0.2,0.6,rotation,rotation,2025-26,44
1630631,Jose Alvarado,https://cdn.nba.com/headshots/nba/latest/1040x760/1630631.png,NYK,G,28,69,19.9,7.4,0.352,2.5,3.4,1.0,0.1,1.1,rotation,rotation,2025-26,5
1629011,Mitchell Robinson,https://cdn.nba.com/headshots/nba/latest/1040x760/1629011.png,NYK,C-F,28,60,19.6,5.7,0.0,8.8,0.9,0.9,1.2,0.7,rotation,rotation,2025-26,23
203903,Jordan Clarkson,https://cdn.nba.com/headshots/nba/latest/1040x760/203903.png,NYK,G,33,72,17.8,8.6,0.327,1.8,1.3,0.4,0.1,0.9,rotation,rotation,2025-26,00
1642278,Tyler Kolek,https://cdn.nba.com/headshots/nba/latest/1040x760/1642278.png,NYK,G,25,62,11.7,4.4,0.386,1.6,2.7,0.4,0.1,0.9,rotation,rotation,2025-26,13
1631110,Jeremy Sochan,https://cdn.nba.com/headshots/nba/latest/1040x760/1631110.png,NYK,F,22,44,10.6,3.6,0.244,2.4,0.9,0.4,0.2,0.5,rotation,rotation,2025-26,20
1630574,Ariel Hukporti,https://cdn.nba.com/headshots/nba/latest/1040x760/1630574.png,NYK,C,24,54,9.2,2.2,0.25,2.9,0.5,0.2,0.5,0.6,rotation,rotation,2025-26,55
1642885,Mohamed Diawara,https://cdn.nba.com/headshots/nba/latest/1040x760/1642885.png,NYK,F,20,69,9.2,3.6,0.369,1.4,0.8,0.2,0.1,0.4,rotation,rotation,2025-26,51
1641755,Kevin McCullar Jr.,https://cdn.nba.com/headshots/nba/latest/1040x760/1641755.png,NYK,G,25,21,7.4,2.4,0.333,1.3,1.0,0.4,0.0,0.6,rotation,rotation,2025-26,9
1641998,Trey Jemison III,https://cdn.nba.com/headshots/nba/latest/1040x760/1641998.png,NYK,C,26,13,6.3,1.0,0.0,1.4,0.4,0.1,0.2,0.8,rotation,rotation,2025-26,50
1641794,Dillon Jones,https://cdn.nba.com/headshots/nba/latest/1040x760/1641794.png,NYK,F,24,7,5.6,1.3,0.2,1.0,0.6,0.4,0.0,0.0,rotation,rotation,2025-26,33
1642359,Pacôme Dadiet,https://cdn.nba.com/headshots/nba/latest/1040x760/1642359.png,NYK,F,20,29,4.7,1.7,0.219,0.9,0.4,0.1,0.0,0.1,rotation,rotation,2025-26,4
1628983,Shai Gilgeous-Alexander,https://cdn.nba.com/headshots/nba/latest/1040x760/1628983.png,OKC,G,27,68,33.2,31.1,0.386,4.3,6.6,1.4,0.8,2.2,rotation,rotation,2025-26,2
1631096,Chet Holmgren,https://cdn.nba.com/headshots/nba/latest/1040x760/1631096.png,OKC,C-F,23,69,28.9,17.1,0.362,8.9,1.7,0.6,1.9,1.6,rotation,rotation,2025-26,7
1631114,Jalen Williams,https://cdn.nba.com/headshots/nba/latest/1040x760/1631114.png,OKC,G-F,25,33,28.4,17.1,0.299,4.6,5.5,1.2,0.3,1.9,rotation,rotation,2025-26,8
1629652,Luguentz Dort,https://cdn.nba.com/headshots/nba/latest/1040x760/1629652.png,OKC,G,27,69,26.8,8.3,0.344,3.6,1.2,0.9,0.4,0.8,rotation,rotation,2025-26,5
1641717,Cason Wallace,https://cdn.nba.com/headshots/nba/latest/1040x760/1641717.png,OKC,G,22,77,26.6,8.6,0.351,3.1,2.6,1.9,0.4,0.9,rotation,rotation,2025-26,22
1642349,Ajay Mitchell,https://cdn.nba.com/headshots/nba/latest/1040x760/1642349.png,OKC,G,23,57,25.8,13.6,0.347,3.3,3.6,1.2,0.3,1.4,rotation,rotation,2025-26,25
1628392,Isaiah Hartenstein,https://cdn.nba.com/headshots/nba/latest/1040x760/1628392.png,OKC,C-F,27,47,24.2,9.2,0.0,9.4,3.5,1.0,0.8,1.7,rotation,rotation,2025-26,55
1630598,Aaron Wiggins,https://cdn.nba.com/headshots/nba/latest/1040x760/1630598.png,OKC,G,27,65,21.8,9.4,0.356,3.1,1.7,0.9,0.4,1.2,rotation,rotation,2025-26,21
1630198,Isaiah Joe,https://cdn.nba.com/headshots/nba/latest/1040x760/1630198.png,OKC,G,26,71,21.2,11.1,0.423,2.5,1.3,0.7,0.2,0.6,rotation,rotation,2025-26,11
1631119,Jaylin Williams,https://cdn.nba.com/headshots/nba/latest/1040x760/1631119.png,OKC,F,23,65,19.7,7.2,0.383,5.5,2.4,0.5,0.6,1.0,rotation,rotation,2025-26,6
1627936,Alex Caruso,https://cdn.nba.com/headshots/nba/latest/1040x760/1627936.png,OKC,G,32,56,18.2,6.2,0.293,2.8,2.0,1.3,0.3,0.9,rotation,rotation,2025-26,9
1642272,Jared McCain,https://cdn.nba.com/headshots/nba/latest/1040x760/1642272.png,OKC,G,22,67,17.3,8.3,0.385,2.0,1.3,0.5,0.1,0.8,rotation,rotation,2025-26,3
1642260,Nikola Topić,https://cdn.nba.com/headshots/nba/latest/1040x760/1642260.png,OKC,G,20,10,16.0,5.2,0.4,1.9,4.4,0.5,0.0,2.5,rotation,rotation,2025-26,44
1642362,Payton Sandfort,https://cdn.nba.com/headshots/nba/latest/1040x760/1642362.png,OKC,F,23,4,15.8,8.8,0.412,2.5,0.0,0.3,0.0,0.3,rotation,rotation,2025-26,14
1629026,Kenrich Williams,https://cdn.nba.com/headshots/nba/latest/1040x760/1629026.png,OKC,G-F,31,56,15.3,6.5,0.388,3.3,1.4,0.6,0.1,0.8,rotation,rotation,2025-26,34
1642382,Branden Carlson,https://cdn.nba.com/headshots/nba/latest/1040x760/1642382.png,OKC,C,26,42,11.6,5.8,0.36,3.0,0.7,0.2,0.6,0.4,rotation,rotation,2025-26,15
1642964,Brooks Barnhizer,https://cdn.nba.com/headshots/nba/latest/1040x760/1642964.png,OKC,G,24,40,8.7,1.7,0.292,2.0,0.6,0.3,0.1,0.3,rotation,rotation,2025-26,23
1642850,Thomas Sorber,https://cdn.nba.com/headshots/nba/latest/1040x760/1642850.png,OKC,C,20,0,0.0,0.0,0.0,0.0,0.0,0.0,0.0,0.0,rotation,rotation,2025-26,12
1631094,Paolo Banchero,https://cdn.nba.com/headshots/nba/latest/1040x760/1631094.png,ORL,F,23,72,34.7,22.2,0.305,8.4,5.2,0.7,0.6,3.1,rotation,rotation,2025-26,5
1630217,Desmond Bane,https://cdn.nba.com/headshots/nba/latest/1040x760/1630217.png,ORL,G,27,82,33.6,20.1,0.391,4.1,4.1,1.0,0.5,2.0,rotation,rotation,2025-26,3
1630532,Franz Wagner,https://cdn.nba.com/headshots/nba/latest/1040x760/1630532.png,ORL,F,24,34,30.0,20.6,0.345,5.2,3.3,0.9,0.3,1.7,rotation,rotation,2025-26,22
1641710,Anthony Black,https://cdn.nba.com/headshots/nba/latest/1040x760/1641710.png,ORL,G,22,64,29.8,15.0,0.333,3.8,3.7,1.4,0.7,2.1,rotation,rotation,2025-26,0
1628976,Wendell Carter Jr.,https://cdn.nba.com/headshots/nba/latest/1040x760/1628976.png,ORL,C-F,27,78,29.3,11.8,0.319,7.4,2.0,0.8,0.6,1.3,rotation,rotation,2025-26,34
1630591,Jalen Suggs,https://cdn.nba.com/headshots/nba/latest/1040x760/1630591.png,ORL,G,24,57,27.6,13.8,0.339,3.9,5.5,1.8,0.7,2.7,rotation,rotation,2025-26,4
1641783,Tristan da Silva,https://cdn.nba.com/headshots/nba/latest/1040x760/1641783.png,ORL,F,24,77,24.7,9.9,0.374,3.7,1.6,0.9,0.3,0.9,rotation,rotation,2025-26,23
1628975,Jevon Carter,https://cdn.nba.com/headshots/nba/latest/1040x760/1628975.png,ORL,G,30,53,16.4,6.4,0.363,1.7,1.6,0.8,0.2,0.7,rotation,rotation,2025-26,2
1629048,Goga Bitadze,https://cdn.nba.com/headshots/nba/latest/1040x760/1629048.png,ORL,C-F,26,64,15.2,5.9,0.182,5.0,1.3,0.6,1.0,0.7,rotation,rotation,2025-26,35
1642869,Noah Penda,https://cdn.nba.com/headshots/nba/latest/1040x760/1642869.png,ORL,G-F,21,59,12.8,3.8,0.323,3.2,1.2,0.5,0.3,0.7,rotation,rotation,2025-26,93
1641724,Jett Howard,https://cdn.nba.com/headshots/nba/latest/1040x760/1641724.png,ORL,G,22,55,12.6,5.5,0.372,1.6,0.8,0.2,0.2,0.3,rotation,rotation,2025-26,13
1631288,Jamal Cain,https://cdn.nba.com/headshots/nba/latest/1040x760/1631288.png,ORL,F,27,40,12.1,5.4,0.384,2.0,0.7,0.3,0.1,0.5,rotation,rotation,2025-26,8
1629021,Moritz Wagner,https://cdn.nba.com/headshots/nba/latest/1040x760/1629021.png,ORL,F-C,28,36,11.8,6.9,0.314,3.2,0.8,0.4,0.1,0.5,rotation,rotation,2025-26,21
1642859,Jase Richardson,https://cdn.nba.com/headshots/nba/latest/1040x760/1642859.png,ORL,G,20,54,10.9,4.4,0.354,1.2,1.1,0.4,0.0,0.5,rotation,rotation,2025-26,11
1628371,Jonathan Isaac,https://cdn.nba.com/headshots/nba/latest/1040x760/1628371.png,ORL,F,28,52,10.0,2.6,0.184,2.5,0.4,0.4,0.6,0.3,rotation,rotation,2025-26,1
1631457,Alex Morales,https://cdn.nba.com/headshots/nba/latest/1040x760/1631457.png,ORL,G,28,4,5.9,2.0,0.0,0.8,1.0,0.0,0.0,1.0,rotation,rotation,2025-26,
1630658,Colin Castleton,https://cdn.nba.com/headshots/nba/latest/1040x760/1630658.png,ORL,C,25,4,5.3,1.3,0.0,2.0,0.3,0.3,0.0,0.5,rotation,rotation,2025-26,14
1630178,Tyrese Maxey,https://cdn.nba.com/headshots/nba/latest/1040x760/1630178.png,PHI,G,25,70,38.0,28.3,0.367,4.1,6.6,1.9,0.8,2.4,rotation,rotation,2025-26,0
1642845,VJ Edgecombe,https://cdn.nba.com/headshots/nba/latest/1040x760/1642845.png,PHI,G,20,75,35.0,16.0,0.354,5.6,4.2,1.4,0.5,1.8,rotation,rotation,2025-26,77
203954,Joel Embiid,https://cdn.nba.com/headshots/nba/latest/1040x760/203954.png,PHI,C-F,32,38,31.6,26.9,0.333,7.7,3.9,0.6,1.2,2.9,rotation,rotation,2025-26,21
1626162,Kelly Oubre Jr.,https://cdn.nba.com/headshots/nba/latest/1040x760/1626162.png,PHI,F-G,30,50,31.5,14.1,0.36,5.0,1.6,1.4,0.5,1.4,rotation,rotation,2025-26,9
202331,Paul George,https://cdn.nba.com/headshots/nba/latest/1040x760/202331.png,PHI,F,35,37,30.7,17.3,0.392,5.3,3.6,1.7,0.4,1.7,rotation,rotation,2025-26,8
1629656,Quentin Grimes,https://cdn.nba.com/headshots/nba/latest/1040x760/1629656.png,PHI,G,25,75,29.4,13.4,0.334,3.6,3.3,0.9,0.4,1.8,rotation,rotation,2025-26,5
1631230,Dominick Barlow,https://cdn.nba.com/headshots/nba/latest/1040x760/1631230.png,PHI,F,22,71,23.8,7.7,0.256,4.8,1.2,0.9,0.7,0.8,rotation,rotation,2025-26,25
203083,Andre Drummond,https://cdn.nba.com/headshots/nba/latest/1040x760/203083.png,PHI,C,32,63,19.5,6.4,0.356,8.4,1.3,0.6,0.8,1.0,rotation,rotation,2025-26,1
1641737,Adem Bona,https://cdn.nba.com/headshots/nba/latest/1040x760/1641737.png,PHI,F,23,71,17.4,4.8,0.333,4.3,0.5,0.4,1.2,0.8,rotation,rotation,2025-26,30
1631213,Tyrese Martin,https://cdn.nba.com/headshots/nba/latest/1040x760/1631213.png,PHI,F,27,46,16.9,6.3,0.321,2.5,1.7,0.5,0.1,0.9,rotation,rotation,2025-26,23
1630570,Trendon Watford,https://cdn.nba.com/headshots/nba/latest/1040x760/1630570.png,PHI,G-F,25,53,16.3,6.5,0.2,3.3,2.5,0.3,0.4,1.2,rotation,rotation,2025-26,12
1642348,Justin Edwards,https://cdn.nba.com/headshots/nba/latest/1040x760/1642348.png,PHI,F,22,64,15.3,6.0,0.372,1.5,1.3,0.8,0.2,0.6,rotation,rotation,2025-26,11
1630699,MarJon Beauchamp,https://cdn.nba.com/headshots/nba/latest/1040x760/1630699.png,PHI,F,25,14,14.0,6.8,0.34,2.3,1.1,0.6,0.3,0.9,rotation,rotation,2025-26,16
1631133,Jabari Walker,https://cdn.nba.com/headshots/nba/latest/1040x760/1631133.png,PHI,F,23,64,11.9,4.3,0.337,3.0,0.5,0.4,0.2,0.4,rotation,rotation,2025-26,33
1631207,Dalen Terry,https://cdn.nba.com/headshots/nba/latest/1040x760/1631207.png,PHI,F,23,48,11.5,3.7,0.364,1.8,1.4,0.6,0.3,0.5,rotation,rotation,2025-26,14
200768,Kyle Lowry,https://cdn.nba.com/headshots/nba/latest/1040x760/200768.png,PHI,G,40,14,8.4,1.2,0.16,0.6,0.8,0.1,0.1,0.3,rotation,rotation,2025-26,7
1641780,Johni Broome,https://cdn.nba.com/headshots/nba/latest/1040x760/1641780.png,PHI,F,23,11,5.0,0.9,0.0,1.5,0.4,0.3,0.2,0.3,rotation,rotation,2025-26,22
1626164,Devin Booker,https://cdn.nba.com/headshots/nba/latest/1040x760/1626164.png,PHX,G,29,64,33.5,26.1,0.33,3.9,6.0,0.8,0.3,3.1,rotation,rotation,2025-26,1
1628415,Dillon Brooks,https://cdn.nba.com/headshots/nba/latest/1040x760/1628415.png,PHX,G-F,30,56,30.4,20.2,0.344,3.6,1.8,1.0,0.2,1.8,rotation,rotation,2025-26,3
1628960,Grayson Allen,https://cdn.nba.com/headshots/nba/latest/1040x760/1628960.png,PHX,G,30,51,28.8,16.5,0.349,3.0,3.8,1.4,0.3,1.6,rotation,rotation,2025-26,8
1631221,Collin Gillespie,https://cdn.nba.com/headshots/nba/latest/1040x760/1631221.png,PHX,G,26,80,28.5,12.7,0.401,4.1,4.6,1.2,0.2,1.6,rotation,rotation,2025-26,12
1626220,Royce O'Neale,https://cdn.nba.com/headshots/nba/latest/1040x760/1626220.png,PHX,F,32,78,28.4,9.8,0.408,4.8,2.7,1.1,0.4,1.3,rotation,rotation,2025-26,00
1630224,Jalen Green,https://cdn.nba.com/headshots/nba/latest/1040x760/1630224.png,PHX,G,24,32,25.9,17.8,0.313,3.6,2.8,1.1,0.3,2.3,rotation,rotation,2025-26,4
1631109,Mark Williams,https://cdn.nba.com/headshots/nba/latest/1040x760/1631109.png,PHX,C,24,60,23.6,11.7,1.0,8.0,1.0,0.9,0.9,1.1,rotation,rotation,2025-26,15
1630692,Jordan Goodwin,https://cdn.nba.com/headshots/nba/latest/1040x760/1630692.png,PHX,G,27,70,22.5,8.7,0.371,4.9,2.2,1.5,0.2,1.0,rotation,rotation,2025-26,23
1642345,Oso Ighodaro,https://cdn.nba.com/headshots/nba/latest/1040x760/1642345.png,PHX,F,23,82,22.1,6.5,0.0,5.1,2.3,0.9,0.7,1.2,rotation,rotation,2025-26,11
1642346,Ryan Dunn,https://cdn.nba.com/headshots/nba/latest/1040x760/1642346.png,PHX,F,23,70,19.4,5.8,0.331,4.2,1.5,0.9,0.4,0.8,rotation,rotation,2025-26,0
1631123,Jamaree Bouyea,https://cdn.nba.com/headshots/nba/latest/1040x760/1631123.png,PHX,G,26,46,14.0,5.7,0.295,1.8,1.8,0.6,0.3,0.7,rotation,rotation,2025-26,17
1629312,Haywood Highsmith,https://cdn.nba.com/headshots/nba/latest/1040x760/1629312.png,PHX,F,29,7,13.0,5.4,0.571,1.9,1.0,0.6,0.0,0.0,rotation,rotation,2025-26,7
1642853,Rasheer Fleming,https://cdn.nba.com/headshots/nba/latest/1040x760/1642853.png,PHX,F,21,55,12.2,4.3,0.346,2.3,0.3,0.4,0.4,0.5,rotation,rotation,2025-26,20
1629599,Amir Coffey,https://cdn.nba.com/headshots/nba/latest/1040x760/1629599.png,PHX,G-F,28,46,10.7,3.2,0.347,1.2,0.6,0.2,0.1,0.2,rotation,rotation,2025-26,2
1643047,CJ Huntley,https://cdn.nba.com/headshots/nba/latest/1040x760/1643047.png,PHX,F,24,4,10.1,3.0,0.0,1.3,0.5,0.3,0.0,0.0,rotation,rotation,2025-26,22
1630587,Isaiah Livers,https://cdn.nba.com/headshots/nba/latest/1040x760/1630587.png,PHX,F,27,36,9.6,1.8,0.3,1.7,0.6,0.4,0.2,0.3,rotation,rotation,2025-26,18
1642863,Khaman Maluach,https://cdn.nba.com/headshots/nba/latest/1040x760/1642863.png,PHX,C,19,46,8.9,3.0,0.238,2.9,0.1,0.1,0.7,0.5,rotation,rotation,2025-26,10
1642886,Koby Brea,https://cdn.nba.com/headshots/nba/latest/1040x760/1642886.png,PHX,G,23,12,7.0,3.8,0.433,0.7,0.8,0.1,0.0,0.3,rotation,rotation,2025-26,14
1630166,Deni Avdija,https://cdn.nba.com/headshots/nba/latest/1040x760/1630166.png,POR,F,25,66,33.3,24.2,0.318,6.9,6.7,0.8,0.6,3.8,rotation,rotation,2025-26,8
1641739,Toumani Camara,https://cdn.nba.com/headshots/nba/latest/1040x760/1641739.png,POR,F,25,82,33.3,13.4,0.37,5.1,2.5,1.1,0.4,1.8,rotation,rotation,2025-26,33
203924,Jerami Grant,https://cdn.nba.com/headshots/nba/latest/1040x760/203924.png,POR,F,32,57,29.7,18.6,0.389,3.5,2.1,0.7,0.6,2.1,rotation,rotation,2025-26,9
201950,Jrue Holiday,https://cdn.nba.com/headshots/nba/latest/1040x760/201950.png,POR,G,35,53,29.4,16.3,0.378,4.6,6.1,1.0,0.1,2.8,rotation,rotation,2025-26,5
1631101,Shaedon Sharpe,https://cdn.nba.com/headshots/nba/latest/1040x760/1631101.png,POR,G,22,50,29.4,20.8,0.337,4.3,2.6,1.4,0.1,2.9,rotation,rotation,2025-26,17
1642270,Donovan Clingan,https://cdn.nba.com/headshots/nba/latest/1040x760/1642270.png,POR,C,22,77,27.2,12.1,0.341,11.6,2.1,0.6,1.7,1.2,rotation,rotation,2025-26,23
1630703,Scoot Henderson,https://cdn.nba.com/headshots/nba/latest/1040x760/1630703.png,POR,G,22,30,24.9,14.2,0.352,2.7,3.7,0.9,0.3,2.4,rotation,rotation,2025-26,00
1631200,Kris Murray,https://cdn.nba.com/headshots/nba/latest/1040x760/1631200.png,POR,F,25,57,23.4,5.8,0.279,3.6,1.4,0.9,0.4,0.8,rotation,rotation,2025-26,24
1630249,Vít Krejčí,https://cdn.nba.com/headshots/nba/latest/1040x760/1630249.png,POR,G,25,65,21.4,8.5,0.39,2.3,1.5,0.7,0.3,0.6,rotation,rotation,2025-26,27
1631126,Caleb Love,https://cdn.nba.com/headshots/nba/latest/1040x760/1631126.png,POR,G,24,49,20.7,10.4,0.318,2.3,2.5,0.6,0.1,1.3,rotation,rotation,2025-26,2
1631321,Sidy Cissoko,https://cdn.nba.com/headshots/nba/latest/1040x760/1631321.png,POR,G,22,75,19.1,5.1,0.298,2.2,1.5,0.7,0.3,0.9,rotation,rotation,2025-26,91
1629057,Robert Williams III,https://cdn.nba.com/headshots/nba/latest/1040x760/1629057.png,POR,C-F,28,59,17.1,6.7,0.391,7.0,1.0,0.6,1.5,0.8,rotation,rotation,2025-26,35
1629680,Matisse Thybulle,https://cdn.nba.com/headshots/nba/latest/1040x760/1629680.png,POR,G-F,29,30,16.0,5.8,0.398,2.0,0.9,2.0,0.5,0.9,rotation,rotation,2025-26,4
1631104,Blake Wesley,https://cdn.nba.com/headshots/nba/latest/1040x760/1631104.png,POR,G,23,31,11.6,4.8,0.278,1.3,2.0,0.5,0.2,1.0,rotation,rotation,2025-26,1
1642905,Yang Hansen,https://cdn.nba.com/headshots/nba/latest/1040x760/1642905.png,POR,C,20,43,7.0,2.2,0.119,1.5,0.5,0.1,0.2,0.7,rotation,rotation,2025-26,16
1642959,Chris Youngblood,https://cdn.nba.com/headshots/nba/latest/1040x760/1642959.png,POR,G,24,34,5.4,2.1,0.333,0.8,0.4,0.1,0.1,0.1,rotation,rotation,2025-26,3
1643257,Jayson Kent,https://cdn.nba.com/headshots/nba/latest/1040x760/1643257.png,POR,F,24,5,4.5,2.0,0.25,1.0,0.0,0.2,0.2,0.0,rotation,rotation,2025-26,
203081,Damian Lillard,https://cdn.nba.com/headshots/nba/latest/1040x760/203081.png,POR,G,35,0,0.0,0.0,0.0,0.0,0.0,0.0,0.0,0.0,rotation,rotation,2025-26,0
1631099,Keegan Murray,https://cdn.nba.com/headshots/nba/latest/1040x760/1631099.png,SAC,F,25,23,34.5,14.0,0.277,5.7,1.7,1.0,1.6,1.2,rotation,rotation,2025-26,13
203897,Zach LaVine,https://cdn.nba.com/headshots/nba/latest/1040x760/203897.png,SAC,G,31,39,31.4,19.2,0.39,2.8,2.3,0.7,0.3,1.9,rotation,rotation,2025-26,8
201942,DeMar DeRozan,https://cdn.nba.com/headshots/nba/latest/1040x760/201942.png,SAC,G-F,36,77,31.2,18.4,0.32,2.9,4.1,1.0,0.3,1.2,rotation,rotation,2025-26,10
1627734,Domantas Sabonis,https://cdn.nba.com/headshots/nba/latest/1040x760/1627734.png,SAC,F-C,29,19,29.7,15.8,0.185,11.4,4.1,0.9,0.2,2.7,rotation,rotation,2025-26,11
201566,Russell Westbrook,https://cdn.nba.com/headshots/nba/latest/1040x760/201566.png,SAC,G,37,64,28.9,15.2,0.338,5.4,6.7,1.3,0.2,3.3,rotation,rotation,2025-26,18
1642875,Maxime Raynaud,https://cdn.nba.com/headshots/nba/latest/1040x760/1642875.png,SAC,C,23,74,26.5,12.5,0.324,7.5,1.4,0.5,0.5,1.3,rotation,rotation,2025-26,42
1631342,Daeqwon Plowden,https://cdn.nba.com/headshots/nba/latest/1040x760/1631342.png,SAC,G-F,27,32,26.4,10.8,0.333,3.0,1.3,0.7,0.2,0.8,rotation,rotation,2025-26,29
1629631,De'Andre Hunter,https://cdn.nba.com/headshots/nba/latest/1040x760/1629631.png,SAC,F-G,28,45,26.1,13.7,0.305,4.1,2.0,0.7,0.1,1.7,rotation,rotation,2025-26,15
1642363,Nique Clifford,https://cdn.nba.com/headshots/nba/latest/1040x760/1642363.png,SAC,G,24,75,25.1,8.6,0.333,3.8,2.4,0.9,0.3,1.5,rotation,rotation,2025-26,5
1630173,Precious Achiuwa,https://cdn.nba.com/headshots/nba/latest/1040x760/1630173.png,SAC,F,26,73,23.9,10.1,0.278,6.7,1.4,0.9,0.7,0.9,rotation,rotation,2025-26,9
1628370,Malik Monk,https://cdn.nba.com/headshots/nba/latest/1040x760/1628370.png,SAC,G,28,62,22.0,12.5,0.395,1.9,3.0,0.6,0.4,1.5,rotation,rotation,2025-26,0
1642928,Dylan Cardwell,https://cdn.nba.com/headshots/nba/latest/1040x760/1642928.png,SAC,C,24,44,20.6,5.4,0.5,7.5,1.4,0.7,1.5,0.9,rotation,rotation,2025-26,32
1642269,Devin Carter,https://cdn.nba.com/headshots/nba/latest/1040x760/1642269.png,SAC,G,24,38,18.4,8.9,0.263,3.3,2.7,0.9,0.2,1.4,rotation,rotation,2025-26,22
1630165,Killian Hayes,https://cdn.nba.com/headshots/nba/latest/1040x760/1630165.png,SAC,G,24,23,17.6,5.5,0.27,2.3,3.5,0.9,0.2,1.2,rotation,rotation,2025-26,7
203926,Doug McDermott,https://cdn.nba.com/headshots/nba/latest/1040x760/203926.png,SAC,F,34,29,15.1,5.7,0.39,1.3,0.8,0.2,0.1,0.4,rotation,rotation,2025-26,7
1641815,Isaiah Stevens,https://cdn.nba.com/headshots/nba/latest/1040x760/1641815.png,SAC,G,25,3,14.3,3.3,0.0,1.0,3.3,1.7,0.0,0.7,rotation,rotation,2025-26,24
1629234,Drew Eubanks,https://cdn.nba.com/headshots/nba/latest/1040x760/1629234.png,SAC,F-C,29,42,13.1,5.2,0.143,3.0,0.5,0.4,0.6,0.7,rotation,rotation,2025-26,19
1631116,Patrick Baldwin Jr.,https://cdn.nba.com/headshots/nba/latest/1040x760/1631116.png,SAC,F,23,9,11.4,3.7,0.429,2.6,0.6,0.3,0.6,0.6,rotation,rotation,2025-26,23
1628368,De'Aaron Fox,https://cdn.nba.com/headshots/nba/latest/1040x760/1628368.png,SAS,G,28,72,31.0,18.6,0.332,3.8,6.2,1.2,0.3,2.3,rotation,rotation,2025-26,4
1630170,Devin Vassell,https://cdn.nba.com/headshots/nba/latest/1040x760/1630170.png,SAS,G-F,25,67,30.5,13.9,0.384,4.0,2.5,0.9,0.4,0.9,rotation,rotation,2025-26,24
1642264,Stephon Castle,https://cdn.nba.com/headshots/nba/latest/1040x760/1642264.png,SAS,G,21,68,30.0,16.7,0.332,5.3,7.4,1.1,0.3,3.2,rotation,rotation,2025-26,5
1641705,Victor Wembanyama,https://cdn.nba.com/headshots/nba/latest/1040x760/1641705.png,SAS,F-C,22,64,29.2,25.0,0.349,11.5,3.1,1.0,3.1,2.4,rotation,rotation,2025-26,1
1630577,Julian Champagnie,https://cdn.nba.com/headshots/nba/latest/1040x760/1630577.png,SAS,F,24,82,27.6,11.1,0.381,5.8,1.5,0.8,0.5,0.8,rotation,rotation,2025-26,30
203084,Harrison Barnes,https://cdn.nba.com/headshots/nba/latest/1040x760/203084.png,SAS,F,33,77,25.8,9.9,0.388,2.8,1.9,0.6,0.2,0.8,rotation,rotation,2025-26,40
1629640,Keldon Johnson,https://cdn.nba.com/headshots/nba/latest/1040x760/1629640.png,SAS,F-G,26,82,23.3,13.2,0.363,5.4,1.4,0.6,0.1,0.9,rotation,rotation,2025-26,3
1642844,Dylan Harper,https://cdn.nba.com/headshots/nba/latest/1040x760/1642844.png,SAS,G,20,69,22.6,11.8,0.343,3.4,3.9,0.8,0.3,1.4,rotation,rotation,2025-26,2
1628436,Luke Kornet,https://cdn.nba.com/headshots/nba/latest/1040x760/1628436.png,SAS,C-F,30,68,21.0,6.5,0.0,6.1,1.9,0.5,1.0,0.4,rotation,rotation,2025-26,7
1642868,Carter Bryant,https://cdn.nba.com/headshots/nba/latest/1040x760/1642868.png,SAS,F,20,71,11.5,4.2,0.335,2.5,0.7,0.2,0.3,0.5,rotation,rotation,2025-26,11
203482,Kelly Olynyk,https://cdn.nba.com/headshots/nba/latest/1040x760/203482.png,SAS,F-C,35,42,8.6,3.2,0.255,1.8,1.2,0.4,0.1,0.6,rotation,rotation,2025-26,8
203486,Mason Plumlee,https://cdn.nba.com/headshots/nba/latest/1040x760/203486.png,SAS,F-C,36,20,8.6,1.6,0.0,2.7,1.0,0.5,0.0,0.6,rotation,rotation,2025-26,45
1630322,Lindy Waters III,https://cdn.nba.com/headshots/nba/latest/1040x760/1630322.png,SAS,F,28,40,7.1,2.4,0.342,0.7,0.5,0.2,0.0,0.2,rotation,rotation,2025-26,43
1641801,Emanuel Miller,https://cdn.nba.com/headshots/nba/latest/1040x760/1641801.png,SAS,F,25,5,6.6,3.0,0.333,0.6,0.8,0.4,0.0,0.0,rotation,rotation,2025-26,14
1629162,Jordan McLaughlin,https://cdn.nba.com/headshots/nba/latest/1040x760/1629162.png,SAS,G,30,44,6.4,2.0,0.425,0.7,0.9,0.5,0.0,0.3,rotation,rotation,2025-26,0
1642357,David Jones Garcia,https://cdn.nba.com/headshots/nba/latest/1040x760/1642357.png,SAS,G,24,11,6.2,2.9,0.6,1.2,1.6,0.5,0.1,0.5,rotation,rotation,2025-26,25
202687,Bismack Biyombo,https://cdn.nba.com/headshots/nba/latest/1040x760/202687.png,SAS,C,33,25,5.7,0.9,0.0,1.0,0.2,0.2,0.1,0.3,rotation,rotation,2025-26,18
1631127,Harrison Ingram,https://cdn.nba.com/headshots/nba/latest/1040x760/1631127.png,SAS,F,23,7,3.7,1.6,1.0,0.4,0.1,0.0,0.0,0.1,rotation,rotation,2025-26,55
1627742,Brandon Ingram,https://cdn.nba.com/headshots/nba/latest/1040x760/1627742.png,TOR,F,28,77,33.8,21.5,0.382,5.6,3.7,0.8,0.7,2.4,rotation,rotation,2025-26,3
1630567,Scottie Barnes,https://cdn.nba.com/headshots/nba/latest/1040x760/1630567.png,TOR,F-G,24,80,33.5,18.1,0.304,7.5,5.9,1.4,1.5,2.6,rotation,rotation,2025-26,4
1630193,Immanuel Quickley,https://cdn.nba.com/headshots/nba/latest/1040x760/1630193.png,TOR,G,26,70,31.9,16.4,0.374,4.0,5.9,1.3,0.1,1.5,rotation,rotation,2025-26,5
1629628,RJ Barrett,https://cdn.nba.com/headshots/nba/latest/1040x760/1629628.png,TOR,F-G,25,57,30.3,19.3,0.339,5.3,3.3,0.7,0.3,1.7,rotation,rotation,2025-26,9
1627751,Jakob Poeltl,https://cdn.nba.com/headshots/nba/latest/1040x760/1627751.png,TOR,C,30,46,25.0,10.7,0.0,7.0,2.0,0.9,0.7,1.2,rotation,rotation,2025-26,19
1642347,Jamal Shead,https://cdn.nba.com/headshots/nba/latest/1040x760/1642347.png,TOR,G,23,82,22.6,6.6,0.321,1.7,5.4,0.9,0.2,1.4,rotation,rotation,2025-26,23
1642867,Collin Murray-Boyles,https://cdn.nba.com/headshots/nba/latest/1040x760/1642867.png,TOR,F,20,57,21.9,8.5,0.34,5.0,1.9,0.9,0.9,1.0,rotation,rotation,2025-26,12
1630572,Sandro Mamukelashvili,https://cdn.nba.com/headshots/nba/latest/1040x760/1630572.png,TOR,F-C,26,80,21.9,11.2,0.389,4.9,1.9,0.8,0.5,0.8,rotation,rotation,2025-26,54
1642266,Ja'Kobe Walter,https://cdn.nba.com/headshots/nba/latest/1040x760/1642266.png,TOR,G,21,72,20.5,7.5,0.409,2.6,1.2,1.0,0.2,0.5,rotation,rotation,2025-26,14
1641711,Gradey Dick,https://cdn.nba.com/headshots/nba/latest/1040x760/1641711.png,TOR,G-F,22,76,14.0,6.0,0.301,1.9,0.7,0.6,0.1,0.6,rotation,rotation,2025-26,1
1630639,A.J. Lawson,https://cdn.nba.com/headshots/nba/latest/1040x760/1630639.png,TOR,G,25,24,9.4,4.2,0.422,1.8,0.3,0.5,0.2,0.3,rotation,rotation,2025-26,0
1631218,Trayce Jackson-Davis,https://cdn.nba.com/headshots/nba/latest/1040x760/1631218.png,TOR,F,26,53,9.4,3.4,1.0,2.7,0.7,0.3,0.5,0.4,rotation,rotation,2025-26,32
1642419,Jamison Battle,https://cdn.nba.com/headshots/nba/latest/1040x760/1642419.png,TOR,F,24,61,8.5,3.1,0.412,1.5,0.4,0.1,0.0,0.3,rotation,rotation,2025-26,77
1642935,Chucky Hepburn,https://cdn.nba.com/headshots/nba/latest/1040x760/1642935.png,TOR,G,23,2,6.6,0.0,0.0,0.5,1.0,0.5,0.0,0.5,rotation,rotation,2025-26,24
1642918,Alijah Martin,https://cdn.nba.com/headshots/nba/latest/1040x760/1642918.png,TOR,G,24,23,6.3,2.2,0.19,0.9,0.5,0.3,0.2,0.3,rotation,rotation,2025-26,55
1642367,Jonathan Mogbo,https://cdn.nba.com/headshots/nba/latest/1040x760/1642367.png,TOR,F,24,40,6.2,1.5,0.0,1.7,0.6,0.3,0.2,0.4,rotation,rotation,2025-26,2
202066,Garrett Temple,https://cdn.nba.com/headshots/nba/latest/1040x760/202066.png,TOR,G-F,39,22,3.3,0.8,0.25,0.4,0.4,0.2,0.1,0.3,rotation,rotation,2025-26,17
1628374,Lauri Markkanen,https://cdn.nba.com/headshots/nba/latest/1040x760/1628374.png,UTA,F-C,28,42,34.3,26.7,0.355,6.9,2.1,1.0,0.5,1.5,rotation,rotation,2025-26,23
1641718,Keyonte George,https://cdn.nba.com/headshots/nba/latest/1040x760/1641718.png,UTA,G,22,54,33.1,23.6,0.371,3.7,6.1,1.1,0.3,3.1,rotation,rotation,2025-26,3
1643016,Bez Mbeng,https://cdn.nba.com/headshots/nba/latest/1040x760/1643016.png,UTA,G,22,15,32.8,8.1,0.194,3.8,4.1,2.3,0.3,1.5,rotation,rotation,2025-26,21
1631117,Walker Kessler,https://cdn.nba.com/headshots/nba/latest/1040x760/1631117.png,UTA,C,24,5,30.8,14.4,0.75,10.8,3.0,1.4,1.8,3.2,rotation,rotation,2025-26,24
1628991,Jaren Jackson Jr.,https://cdn.nba.com/headshots/nba/latest/1040x760/1628991.png,UTA,F-C,26,48,30.3,19.4,0.357,5.7,2.0,1.1,1.4,2.2,rotation,rotation,2025-26,20
1642846,Ace Bailey,https://cdn.nba.com/headshots/nba/latest/1040x760/1642846.png,UTA,F,19,72,27.6,13.8,0.344,4.2,1.8,0.8,0.7,1.5,rotation,rotation,2025-26,19
203994,Jusuf Nurkić,https://cdn.nba.com/headshots/nba/latest/1040x760/203994.png,UTA,C,31,41,26.4,10.9,0.352,10.4,4.8,1.3,0.5,2.5,rotation,rotation,2025-26,30
1642268,Isaiah Collier,https://cdn.nba.com/headshots/nba/latest/1040x760/1642268.png,UTA,G,21,59,25.7,11.7,0.27,2.5,7.2,1.1,0.3,2.5,rotation,rotation,2025-26,8
1643060,Hayden Gray,https://cdn.nba.com/headshots/nba/latest/1040x760/1643060.png,UTA,G,22,1,24.8,6.0,0.0,0.0,1.0,1.0,1.0,1.0,rotation,rotation,2025-26,
1642262,Cody Williams,https://cdn.nba.com/headshots/nba/latest/1040x760/1642262.png,UTA,F,21,67,24.3,8.8,0.214,3.0,2.0,0.8,0.4,1.1,rotation,rotation,2025-26,5
1641729,Brice Sensabaugh,https://cdn.nba.com/headshots/nba/latest/1040x760/1641729.png,UTA,F,22,75,23.5,14.9,0.367,3.1,1.9,0.7,0.2,1.7,rotation,rotation,2025-26,28
1642271,Kyle Filipowski,https://cdn.nba.com/headshots/nba/latest/1040x760/1642271.png,UTA,C,22,77,23.4,11.4,0.325,7.2,2.6,0.9,0.5,1.6,rotation,rotation,2025-26,22
1629004,Svi Mykhailiuk,https://cdn.nba.com/headshots/nba/latest/1040x760/1629004.png,UTA,G-F,28,50,23.1,9.4,0.408,2.5,1.9,0.5,0.1,0.8,rotation,rotation,2025-26,10
1641989,Elijah Harkless,https://cdn.nba.com/headshots/nba/latest/1040x760/1641989.png,UTA,G,26,26,21.0,6.8,0.239,2.0,2.9,1.2,0.2,1.0,rotation,rotation,2025-26,16
1642396,Blake Hinson,https://cdn.nba.com/headshots/nba/latest/1040x760/1642396.png,UTA,F,26,14,20.4,11.9,0.468,2.4,1.1,0.4,0.1,0.4,rotation,rotation,2025-26,2
1629723,John Konchar,https://cdn.nba.com/headshots/nba/latest/1040x760/1629723.png,UTA,G,30,56,19.9,4.4,0.283,4.3,2.1,1.5,0.7,0.6,rotation,rotation,2025-26,55
201567,Kevin Love,https://cdn.nba.com/headshots/nba/latest/1040x760/201567.png,UTA,F-C,37,37,16.6,6.7,0.373,5.8,1.8,0.4,0.2,0.8,rotation,rotation,2025-26,42
1631131,Oscar Tshiebwe,https://cdn.nba.com/headshots/nba/latest/1040x760/1631131.png,UTA,F-C,26,27,16.6,7.8,0.0,6.6,1.2,0.6,0.2,0.8,rotation,rotation,2025-26,34
203076,Anthony Davis,https://cdn.nba.com/headshots/nba/latest/1040x760/203076.png,WAS,F-C,33,20,31.3,20.4,0.27,11.1,2.8,1.1,1.7,2.1,rotation,rotation,2025-26,23
1642882,Julian Reese,https://cdn.nba.com/headshots/nba/latest/1040x760/1642882.png,WAS,F,22,13,30.9,11.8,0.0,10.5,1.8,1.4,0.6,2.5,rotation,rotation,2025-26,
1642273,Kyshawn George,https://cdn.nba.com/headshots/nba/latest/1040x760/1642273.png,WAS,F,22,48,29.0,14.8,0.381,5.1,4.5,1.0,0.9,2.6,rotation,rotation,2025-26,18
1641778,Leaky Black,https://cdn.nba.com/headshots/nba/latest/1040x760/1641778.png,WAS,F,26,15,28.9,7.1,0.345,5.0,1.5,1.2,0.5,0.9,rotation,rotation,2025-26,12
1642267,Bub Carrington,https://cdn.nba.com/headshots/nba/latest/1040x760/1642267.png,WAS,G,20,82,27.7,10.7,0.408,3.4,4.6,0.6,0.2,2.3,rotation,rotation,2025-26,7
1642259,Alex Sarr,https://cdn.nba.com/headshots/nba/latest/1040x760/1642259.png,WAS,C,20,48,27.2,16.3,0.333,7.4,2.7,0.8,2.0,1.7,rotation,rotation,2025-26,20
1641731,Bilal Coulibaly,https://cdn.nba.com/headshots/nba/latest/1040x760/1641731.png,WAS,G,21,56,26.2,11.7,0.319,4.3,2.6,1.3,1.0,1.4,rotation,rotation,2025-26,0
1629027,Trae Young,https://cdn.nba.com/headshots/nba/latest/1040x760/1629027.png,WAS,G,27,15,25.6,17.9,0.338,2.0,8.0,0.9,0.1,2.6,rotation,rotation,2025-26,3
1642848,Tre Johnson,https://cdn.nba.com/headshots/nba/latest/1040x760/1642848.png,WAS,G,20,60,24.0,12.2,0.358,2.8,2.0,0.6,0.3,1.6,rotation,rotation,2025-26,12
1642860,Will Riley,https://cdn.nba.com/headshots/nba/latest/1040x760/1642860.png,WAS,F,20,74,22.1,10.3,0.316,2.9,2.0,0.7,0.1,1.3,rotation,rotation,2025-26,27
1642364,Jamir Watkins,https://cdn.nba.com/headshots/nba/latest/1040x760/1642364.png,WAS,F,24,50,20.6,7.4,0.297,3.9,1.3,1.1,0.5,0.8,rotation,rotation,2025-26,5
1630551,Justin Champagnie,https://cdn.nba.com/headshots/nba/latest/1040x760/1630551.png,WAS,G-F,24,69,20.0,8.7,0.319,5.6,1.2,0.9,0.6,0.7,rotation,rotation,2025-26,9
1626156,D'Angelo Russell,https://cdn.nba.com/headshots/nba/latest/1040x760/1626156.png,WAS,G,30,26,19.0,10.2,0.295,2.3,4.0,0.5,0.1,1.9,rotation,rotation,2025-26,5
1630264,Anthony Gill,https://cdn.nba.com/headshots/nba/latest/1040x760/1630264.png,WAS,F,33,55,17.3,5.8,0.354,2.9,1.3,0.6,0.4,0.7,rotation,rotation,2025-26,16
1630536,Sharife Cooper,https://cdn.nba.com/headshots/nba/latest/1040x760/1630536.png,WAS,G,24,41,17.1,8.1,0.382,2.1,3.0,0.4,0.1,1.5,rotation,rotation,2025-26,13
1641715,Cam Whitmore,https://cdn.nba.com/headshots/nba/latest/1040x760/1641715.png,WAS,F,21,21,16.9,9.2,0.286,2.8,0.7,0.7,0.4,0.9,rotation,rotation,2025-26,1
1630702,Jaden Hardy,https://cdn.nba.com/headshots/nba/latest/1040x760/1630702.png,WAS,G,23,57,15.8,9.2,0.397,1.5,1.0,0.3,0.1,1.1,rotation,rotation,2025-26,8
1641774,Tristan Vukcevic,https://cdn.nba.com/headshots/nba/latest/1040x760/1641774.png,WAS,F,23,49,13.7,9.0,0.347,3.0,1.1,0.5,0.7,1.3,rotation,rotation,2025-26,00
